"author","score","comment_length","subreddit"
"AutoModerator",1,554,"EdSheeran"
"TsukasaElkKite",36,73,"EdSheeran"
"Auroraa55",5,27,"EdSheeran"
"Healthy-Somewhere220",3,126,"EdSheeran"
"TsukasaElkKite",2,20,"EdSheeran"
"Vclawson97",4,304,"EdSheeran"
"TsukasaElkKite",2,48,"EdSheeran"
"Background-Shine-556",1,529,"EdSheeran"
"Elder-Emo86",3,66,"EdSheeran"
"Particular_Cold_8366",3,73,"EdSheeran"
"TsukasaElkKite",1,7,"EdSheeran"
"SheerioC",2,57,"EdSheeran"
"cnsosiehrbridnrnrifk",3,163,"EdSheeran"
"TsukasaElkKite",2,22,"EdSheeran"
"KMWAuntof6",2,46,"EdSheeran"
"TsukasaElkKite",1,7,"EdSheeran"
"Which-Owl801",1,131,"EdSheeran"
"OkPainter1318",24,103,"EdSheeran"
"TsukasaElkKite",7,60,"EdSheeran"
"Auroraa55",3,93,"EdSheeran"
"OkPainter1318",8,100,"EdSheeran"
"Auroraa55",3,124,"EdSheeran"
"AllSxsAndSvns",2,57,"EdSheeran"
"KMWAuntof6",1,46,"EdSheeran"
"Healthy-Somewhere220",2,156,"EdSheeran"
"KMWAuntof6",1,15,"EdSheeran"
"Sdieter14569",20,50,"EdSheeran"
"Auroraa55",4,24,"EdSheeran"
"TsukasaElkKite",4,17,"EdSheeran"
"Easy-Active-1546",15,218,"EdSheeran"
"Auroraa55",2,37,"EdSheeran"
"Sweaty_Inevitable771",1,182,"EdSheeran"
"Easy-Active-1546",1,233,"EdSheeran"
"Sweaty_Inevitable771",1,179,"EdSheeran"
"geotraveling",12,56,"EdSheeran"
"Auroraa55",2,26,"EdSheeran"
"fraggle-rocks",1,228,"EdSheeran"
"geotraveling",2,70,"EdSheeran"
"fraggle-rocks",1,82,"EdSheeran"
"mdc3000",13,210,"EdSheeran"
"Healthy-Somewhere220",9,163,"EdSheeran"
"Auroraa55",2,77,"EdSheeran"
"KMWAuntof6",1,56,"EdSheeran"
"mdc3000",1,84,"EdSheeran"
"alexkssn",10,143,"EdSheeran"
"Auroraa55",2,54,"EdSheeran"
"alexkssn",4,198,"EdSheeran"
"Auroraa55",1,46,"EdSheeran"
"MISwiftie_23",1,66,"EdSheeran"
"alexkssn",2,24,"EdSheeran"
"TsukasaElkKite",2,5,"EdSheeran"
"KMWAuntof6",1,23,"EdSheeran"
"PhillyGator561",10,287,"EdSheeran"
"Auroraa55",5,108,"EdSheeran"
"kdlynnsings",4,233,"EdSheeran"
"PhillyGator561",1,16,"EdSheeran"
"KMWAuntof6",1,8,"EdSheeran"
"MaRy3195",3,114,"EdSheeran"
"PhillyGator561",2,146,"EdSheeran"
"nicvan147",2,83,"EdSheeran"
"That-Ginger-Kelsey",1,280,"EdSheeran"
"Chemical_Hearts",1,241,"EdSheeran"
"purple-owl-",1,208,"EdSheeran"
"Healthy-Somewhere220",9,320,"EdSheeran"
"TsukasaElkKite",5,33,"EdSheeran"
"Auroraa55",2,12,"EdSheeran"
"Auroraa55",4,79,"EdSheeran"
"Healthy-Somewhere220",2,423,"EdSheeran"
"Auroraa55",3,113,"EdSheeran"
"ThatGaelicName",3,125,"EdSheeran"
"Her-majesty26",1,31,"EdSheeran"
"RA1235",8,259,"EdSheeran"
"Auroraa55",3,53,"EdSheeran"
"bethabetha",2,228,"EdSheeran"
"fraggle-rocks",1,170,"EdSheeran"
"RA1235",1,207,"EdSheeran"
"J351c4m4l490n",1,42,"EdSheeran"
"puckbunny51",1,128,"EdSheeran"
"Strict-Asparagus7720",7,301,"EdSheeran"
"MISwiftie_23",5,1196,"EdSheeran"
"Strict-Asparagus7720",3,337,"EdSheeran"
"MISwiftie_23",1,40,"EdSheeran"
"Strict-Asparagus7720",1,110,"EdSheeran"
"Auroraa55",1,89,"EdSheeran"
"KMWAuntof6",1,16,"EdSheeran"
"canadianswifteh",7,94,"EdSheeran"
"Auroraa55",1,107,"EdSheeran"
"canadianswifteh",2,88,"EdSheeran"
"Auroraa55",1,50,"EdSheeran"
"bethabetha",6,26,"EdSheeran"
"Auroraa55",3,9,"EdSheeran"
"BBUp17",4,29,"EdSheeran"
"BuiscuitsAndTea",3,86,"EdSheeran"
"BBUp17",2,159,"EdSheeran"
"BuiscuitsAndTea",2,70,"EdSheeran"
"Auroraa55",2,30,"EdSheeran"
"Texasmomof3boyz",1,135,"EdSheeran"
"Defiant_Reception471",5,288,"EdSheeran"
"Auroraa55",3,85,"EdSheeran"
"Defiant_Reception471",1,69,"EdSheeran"
"Defiant_Reception471",1,15,"EdSheeran"
"Auroraa55",2,164,"EdSheeran"
"J351c4m4l490n",4,157,"EdSheeran"
"notquitepeculiar",3,53,"EdSheeran"
"MISwiftie_23",2,1206,"EdSheeran"
"J351c4m4l490n",1,340,"EdSheeran"
"MISwiftie_23",1,22,"EdSheeran"
"J351c4m4l490n",1,71,"EdSheeran"
"MISwiftie_23",1,116,"EdSheeran"
"MISwiftie_23",2,234,"EdSheeran"
"MISwiftie_23",1,298,"EdSheeran"
"Auroraa55",1,80,"EdSheeran"
"tauriemariee",5,51,"EdSheeran"
"Auroraa55",1,7,"EdSheeran"
"SlytherinStitch",4,32,"EdSheeran"
"Auroraa55",2,11,"EdSheeran"
"Unperfectbeautie",4,55,"EdSheeran"
"Auroraa55",2,17,"EdSheeran"
"Butterfly_Bee_333",2,21,"EdSheeran"
"writtensparks",2,66,"EdSheeran"
"Such_End1046",4,110,"EdSheeran"
"Auroraa55",3,71,"EdSheeran"
"WhatAmI_91",4,89,"EdSheeran"
"Auroraa55",2,45,"EdSheeran"
"tibtibs",2,79,"EdSheeran"
"WhatAmI_91",2,203,"EdSheeran"
"seashell0322",3,408,"EdSheeran"
"Auroraa55",1,186,"EdSheeran"
"KMWAuntof6",1,63,"EdSheeran"
"seashell0322",1,349,"EdSheeran"
"Direct-Ad4709",4,77,"EdSheeran"
"Auroraa55",1,24,"EdSheeran"
"notquitepeculiar",4,71,"EdSheeran"
"MISwiftie_23",3,76,"EdSheeran"
"MISwiftie_23",2,52,"EdSheeran"
"Auroraa55",2,42,"EdSheeran"
"thefifthtrilogy",2,226,"EdSheeran"
"notquitepeculiar",3,266,"EdSheeran"
"sugarkanekowalcyzk",5,145,"EdSheeran"
"Auroraa55",2,72,"EdSheeran"
"queentee26",4,73,"EdSheeran"
"bonzie",2,91,"EdSheeran"
"tibtibs",1,117,"EdSheeran"
"Auroraa55",1,77,"EdSheeran"
"mtlyoshi9",3,41,"EdSheeran"
"Auroraa55",3,31,"EdSheeran"
"Texasmomof3boyz",3,61,"EdSheeran"
"virgobaby444",3,17,"EdSheeran"
"provoaggie",5,58,"EdSheeran"
"Auroraa55",2,96,"EdSheeran"
"Texasmomof3boyz",3,75,"EdSheeran"
"Auroraa55",3,36,"EdSheeran"
"Texasmomof3boyz",3,316,"EdSheeran"
"Auroraa55",2,84,"EdSheeran"
"Texasmomof3boyz",1,734,"EdSheeran"
"Dopamaxxer",3,274,"EdSheeran"
"Auroraa55",3,74,"EdSheeran"
"Healthy-Somewhere220",1,81,"EdSheeran"
"fingolfin269",3,125,"EdSheeran"
"Auroraa55",2,11,"EdSheeran"
"dogggggo",1,48,"EdSheeran"
"fingolfin269",1,120,"EdSheeran"
"dogggggo",1,184,"EdSheeran"
"starryeyed_b",3,60,"EdSheeran"
"Auroraa55",1,71,"EdSheeran"
"MISwiftie_23",3,254,"EdSheeran"
"Sudden_Abroad_9153",1,112,"EdSheeran"
"Auroraa55",2,31,"EdSheeran"
"Auroraa55",1,73,"EdSheeran"
"RGWW1993",3,127,"EdSheeran"
"Auroraa55",2,104,"EdSheeran"
"KMWAuntof6",1,4,"EdSheeran"
"Character_Twist5526",3,76,"EdSheeran"
"Icy_Musician5865",1,77,"EdSheeran"
"Character_Twist5526",1,91,"EdSheeran"
"Auroraa55",1,123,"EdSheeran"
"Character_Twist5526",1,100,"EdSheeran"
"Auroraa55",1,59,"EdSheeran"
"ssmuggle",3,982,"EdSheeran"
"KMWAuntof6",2,68,"EdSheeran"
"ssmuggle",1,117,"EdSheeran"
"Auroraa55",1,153,"EdSheeran"
"melissaisntreal",3,188,"EdSheeran"
"Auroraa55",2,40,"EdSheeran"
"Texasmomof3boyz",2,366,"EdSheeran"
"melissaisntreal",1,7,"EdSheeran"
"No-Bedroom4757",3,65,"EdSheeran"
"Auroraa55",1,32,"EdSheeran"
"Forsaken-Pudding-220",3,119,"EdSheeran"
"Auroraa55",1,37,"EdSheeran"
"That-Ginger-Kelsey",3,124,"EdSheeran"
"WatermelonCat86",2,152,"EdSheeran"
"Auroraa55",1,23,"EdSheeran"
"Starjupiter93",3,165,"EdSheeran"
"Auroraa55",1,112,"EdSheeran"
"tibtibs",3,235,"EdSheeran"
"Auroraa55",3,42,"EdSheeran"
"Longjumping_Can_5487",3,247,"EdSheeran"
"Auroraa55",1,66,"EdSheeran"
"strawberrrysoup",3,138,"EdSheeran"
"Auroraa55",1,29,"EdSheeran"
"fraggle-rocks",2,284,"EdSheeran"
"Auroraa55",2,82,"EdSheeran"
"fraggle-rocks",1,240,"EdSheeran"
"Auroraa55",2,79,"EdSheeran"
"Quick-Time",2,273,"EdSheeran"
"Musicfanatic09",2,152,"EdSheeran"
"Defiant_Reception471",1,113,"EdSheeran"
"Icy_Musician5865",1,11,"EdSheeran"
"Auroraa55",1,74,"EdSheeran"
"helloitismeeeeeee",2,153,"EdSheeran"
"Auroraa55",1,80,"EdSheeran"
"kaphgrdal",2,154,"EdSheeran"
"Auroraa55",1,145,"EdSheeran"
"AbbreviationsOwn851",2,41,"EdSheeran"
"Auroraa55",1,16,"EdSheeran"
"AllSxsAndSvns",2,48,"EdSheeran"
"Auroraa55",1,22,"EdSheeran"
"0811JC",2,72,"EdSheeran"
"krazykatoe",2,72,"EdSheeran"
"Auroraa55",1,100,"EdSheeran"
"Rasmom68",2,69,"EdSheeran"
"Auroraa55",2,77,"EdSheeran"
"Spare-Instance1152",2,15,"EdSheeran"
"Auroraa55",1,20,"EdSheeran"
"random_person_2468",2,148,"EdSheeran"
"Auroraa55",2,90,"EdSheeran"
"lilbigblue7",2,19,"EdSheeran"
"Auroraa55",1,4,"EdSheeran"
"Double-Sand8244",2,272,"EdSheeran"
"Auroraa55",1,127,"EdSheeran"
"Double-Sand8244",1,114,"EdSheeran"
"Auroraa55",1,42,"EdSheeran"
"provoaggie",2,77,"EdSheeran"
"Auroraa55",1,12,"EdSheeran"
"stormzbowler",2,107,"EdSheeran"
"Auroraa55",1,25,"EdSheeran"
"Texasmomof3boyz",2,262,"EdSheeran"
"Auroraa55",2,19,"EdSheeran"
"Significant_Bee_4057",2,18,"EdSheeran"
"Auroraa55",1,5,"EdSheeran"
"toasted_rocks",2,59,"EdSheeran"
"Auroraa55",1,15,"EdSheeran"
"PurpleOwl-89",2,6,"EdSheeran"
"Auroraa55",1,5,"EdSheeran"
"daisyandrex",2,153,"EdSheeran"
"Auroraa55",1,169,"EdSheeran"
"deanobrews",2,197,"EdSheeran"
"Auroraa55",1,39,"EdSheeran"
"Criollo_",2,61,"EdSheeran"
"Auroraa55",1,29,"EdSheeran"
"runawayj96",2,200,"EdSheeran"
"Auroraa55",2,72,"EdSheeran"
"runawayj96",2,109,"EdSheeran"
"Auroraa55",2,38,"EdSheeran"
"notnatalie",2,31,"EdSheeran"
"Auroraa55",1,21,"EdSheeran"
"Educational_Leg2850",2,236,"EdSheeran"
"Auroraa55",2,27,"EdSheeran"
"Sloth143",2,72,"EdSheeran"
"Auroraa55",2,29,"EdSheeran"
"captainazpi",2,40,"EdSheeran"
"Auroraa55",2,11,"EdSheeran"
"Her-majesty26",2,234,"EdSheeran"
"Auroraa55",1,78,"EdSheeran"
"Kingboss93",2,490,"EdSheeran"
"Auroraa55",2,163,"EdSheeran"
"Kingboss93",1,336,"EdSheeran"
"Auroraa55",2,55,"EdSheeran"
"NovelPhoto4621",2,19,"EdSheeran"
"Auroraa55",1,9,"EdSheeran"
"draganavucic",2,39,"EdSheeran"
"Auroraa55",1,19,"EdSheeran"
"Calm-Redcalzone",2,248,"EdSheeran"
"Auroraa55",1,130,"EdSheeran"
"mermaidfrckls",2,13,"EdSheeran"
"Auroraa55",1,10,"EdSheeran"
"Medium_Scratch_967",2,94,"EdSheeran"
"Auroraa55",1,16,"EdSheeran"
"drink2mny",2,18,"EdSheeran"
"South-Bat-7294",2,38,"EdSheeran"
"Auroraa55",1,18,"EdSheeran"
"e0814",2,83,"EdSheeran"
"Auroraa55",1,28,"EdSheeran"
"Effective_Cell_1148",2,49,"EdSheeran"
"Auroraa55",2,10,"EdSheeran"
"lazypuppycat",2,117,"EdSheeran"
"Auroraa55",1,45,"EdSheeran"
"633788perfect",4,48,"EdSheeran"
"Auroraa55",3,21,"EdSheeran"
"bad_bet_blews27",3,28,"EdSheeran"
"Auroraa55",3,14,"EdSheeran"
"BigReputation6765",1,24,"EdSheeran"
"greenbeanz_5",2,354,"EdSheeran"
"TsukasaElkKite",1,36,"EdSheeran"
"Alysondra",1,164,"EdSheeran"
"Auroraa55",1,85,"EdSheeran"
"BigReputation6765",1,51,"EdSheeran"
"Auroraa55",1,47,"EdSheeran"
"RA1235",1,36,"EdSheeran"
"Fair_Opportunity7193",1,355,"EdSheeran"
"Auroraa55",2,136,"EdSheeran"
"Fair_Opportunity7193",1,159,"EdSheeran"
"Auroraa55",1,15,"EdSheeran"
"provoaggie",1,286,"EdSheeran"
"Texasmomof3boyz",1,38,"EdSheeran"
"Healthy-Somewhere220",3,202,"EdSheeran"
"Auroraa55",1,85,"EdSheeran"
"andrewthedentist",1,137,"EdSheeran"
"AndresMan2004",1,101,"EdSheeran"
"Auroraa55",1,78,"EdSheeran"
"AndresMan2004",2,49,"EdSheeran"
"Auroraa55",2,45,"EdSheeran"
"AndresMan2004",1,130,"EdSheeran"
"Auroraa55",2,90,"EdSheeran"
"Ok-Somewhere-9857",1,22,"EdSheeran"
"Auroraa55",1,43,"EdSheeran"
"Murky_Impression_468",1,59,"EdSheeran"
"Auroraa55",1,60,"EdSheeran"
"Ok-Somewhere-9857",1,36,"EdSheeran"
"Auroraa55",1,38,"EdSheeran"
"VaiRaiChu",1,64,"EdSheeran"
"Auroraa55",1,22,"EdSheeran"
"VaiRaiChu",2,20,"EdSheeran"
"Auroraa55",1,4,"EdSheeran"
"Foreign_Fuel_7597",1,45,"EdSheeran"
"coffeejenn_",1,29,"EdSheeran"
"FreddyTSGamer",1,69,"EdSheeran"
"dogggggo",1,102,"EdSheeran"
"Auroraa55",1,41,"EdSheeran"
"True_Ambassador7261",1,176,"EdSheeran"
"Auroraa55",1,55,"EdSheeran"
"KMWAuntof6",1,481,"EdSheeran"
"Auroraa55",2,104,"EdSheeran"
"themusiclives",1,244,"EdSheeran"
"Auroraa55",2,24,"EdSheeran"
"themusiclives",1,74,"EdSheeran"
"Auroraa55",1,45,"EdSheeran"
"themusiclives",1,11,"EdSheeran"
"Embarrassed_Use_599",1,96,"EdSheeran"
"Auroraa55",1,26,"EdSheeran"
"AwayCoach4746",1,19,"EdSheeran"
"AutoModerator",1,554,"EdSheeran"
"WhatAmI_91",23,64,"EdSheeran"
"Ocasionally_Social",14,76,"EdSheeran"
"WhatAmI_91",7,13,"EdSheeran"
"AwayCoach4746",1,59,"EdSheeran"
"Lovinlife900",3,30,"EdSheeran"
"vero_6321",3,31,"EdSheeran"
"AwayCoach4746",1,3,"EdSheeran"
"ILoveEdSheeran_",2,64,"EdSheeran"
"KittyGray",9,22,"EdSheeran"
"Longjumping-Data1964",2,22,"EdSheeran"
"KittyGray",1,39,"EdSheeran"
"Longjumping-Data1964",1,61,"EdSheeran"
"KittyGray",2,145,"EdSheeran"
"True_Ambassador7261",1,63,"EdSheeran"
"AwayCoach4746",1,124,"EdSheeran"
"KittyGray",2,295,"EdSheeran"
"AwayCoach4746",2,117,"EdSheeran"
"KittyGray",2,200,"EdSheeran"
"Inkhearted133",3,103,"EdSheeran"
"ratworker",1,74,"EdSheeran"
"Ocasionally_Social",18,134,"EdSheeran"
"ShekhMaShierakiAnni",7,53,"EdSheeran"
"Texasmomof3boyz",3,115,"EdSheeran"
"flehylhsa",2,207,"EdSheeran"
"sugarkanekowalcyzk",2,57,"EdSheeran"
"melodramasupercut",2,68,"EdSheeran"
"flehylhsa",1,37,"EdSheeran"
"sugarkanekowalcyzk",3,78,"EdSheeran"
"ShekhMaShierakiAnni",3,87,"EdSheeran"
"sugarkanekowalcyzk",2,76,"EdSheeran"
"United-Decision-2709",1,53,"EdSheeran"
"AnyBuy5059",14,77,"EdSheeran"
"ThriftyCoastDweller",4,48,"EdSheeran"
"-Duste-",13,230,"EdSheeran"
"judgejudy_",11,156,"EdSheeran"
"duckduckpenguin92",7,353,"EdSheeran"
"judgejudy_",3,273,"EdSheeran"
"Poutine-envy",2,153,"EdSheeran"
"Maltifandom23",8,21,"EdSheeran"
"Bzs_2122",4,13,"EdSheeran"
"VisionIsHot",2,46,"EdSheeran"
"fatdolsk",8,20,"EdSheeran"
"the-crafty-artist",3,57,"EdSheeran"
"ratworker",1,66,"EdSheeran"
"melissaisntreal",1,90,"EdSheeran"
"633788perfect",6,121,"EdSheeran"
"hannahx7",5,29,"EdSheeran"
"633788perfect",3,55,"EdSheeran"
"hannahx7",1,21,"EdSheeran"
"ILoveEdSheeran_",1,16,"EdSheeran"
"TsukasaElkKite",7,25,"EdSheeran"
"[deleted]",2,9,"EdSheeran"
"TsukasaElkKite",2,29,"EdSheeran"
"gavinlooong",2,14,"EdSheeran"
"Healthy-Somewhere220",2,202,"EdSheeran"
"TsukasaElkKite",1,292,"EdSheeran"
"Unlucky-Opposite-565",5,27,"EdSheeran"
"LowGrowth1383",3,40,"EdSheeran"
"fraggle-rocks",2,104,"EdSheeran"
"Unlucky-Opposite-565",1,317,"EdSheeran"
"LowGrowth1383",2,41,"EdSheeran"
"Unlucky-Opposite-565",2,260,"EdSheeran"
"lexi-husky",5,13,"EdSheeran"
"No-County6173",2,15,"EdSheeran"
"ProfessionalSeller78",2,14,"EdSheeran"
"lexi-husky",1,10,"EdSheeran"
"Autumn813",5,92,"EdSheeran"
"pandemi93",3,144,"EdSheeran"
"Ok-Tomato-5231",1,29,"EdSheeran"
"Bellybell121",1,105,"EdSheeran"
"Autumn813",1,129,"EdSheeran"
"Bellybell121",2,190,"EdSheeran"
"Autumn813",1,228,"EdSheeran"
"RoadExcellent7339",4,82,"EdSheeran"
"HRHAnnipoo",5,54,"EdSheeran"
"RoadExcellent7339",2,10,"EdSheeran"
"tibtibs",4,150,"EdSheeran"
"Texasmomof3boyz",4,216,"EdSheeran"
"Electronic-Smile1262",4,243,"EdSheeran"
"hannahx7",5,144,"EdSheeran"
"valeamando8253",2,58,"EdSheeran"
"curvy_em",5,27,"EdSheeran"
"geotraveling",6,156,"EdSheeran"
"canadianswifteh",12,62,"EdSheeran"
"TWD-Braves-Fan",6,255,"EdSheeran"
"geotraveling",4,17,"EdSheeran"
"J351c4m4l490n",1,155,"EdSheeran"
"TWD-Braves-Fan",1,96,"EdSheeran"
"J351c4m4l490n",2,68,"EdSheeran"
"hellotheredani",3,11,"EdSheeran"
"sugarplum98",3,161,"EdSheeran"
"VoidUnknown315",3,14,"EdSheeran"
"sugarkanekowalcyzk",3,54,"EdSheeran"
"fraggle-rocks",4,258,"EdSheeran"
"Healthy-Somewhere220",1,85,"EdSheeran"
"beautyandwits",4,138,"EdSheeran"
"judgejudy_",5,152,"EdSheeran"
"BuiscuitsAndTea",5,118,"EdSheeran"
"pandemi93",4,167,"EdSheeran"
"TsukasaElkKite",2,92,"EdSheeran"
"Nikiricky_1",2,332,"EdSheeran"
"TWD-Braves-Fan",5,111,"EdSheeran"
"Nikiricky_1",2,352,"EdSheeran"
"witchycommunism",5,131,"EdSheeran"
"TsukasaElkKite",3,57,"EdSheeran"
"Healthy-Somewhere220",2,164,"EdSheeran"
"TsukasaElkKite",1,137,"EdSheeran"
"KMWAuntof6",2,16,"EdSheeran"
"Sun293",2,157,"EdSheeran"
"provoaggie",2,222,"EdSheeran"
"TsukasaElkKite",2,16,"EdSheeran"
"Sun293",2,4,"EdSheeran"
"sugarplum98",1,130,"EdSheeran"
"Sun293",1,26,"EdSheeran"
"RWBYRain",2,74,"EdSheeran"
"fraggle-rocks",4,308,"EdSheeran"
"RWBYRain",1,197,"EdSheeran"
"fraggle-rocks",2,496,"EdSheeran"
"RWBYRain",2,391,"EdSheeran"
"fraggle-rocks",2,420,"EdSheeran"
"Ok_Term6437",2,113,"EdSheeran"
"saphira_1848",2,109,"EdSheeran"
"provoaggie",3,112,"EdSheeran"
"Prestigious_Order251",1,35,"EdSheeran"
"provoaggie",1,336,"EdSheeran"
"Prestigious_Order251",1,110,"EdSheeran"
"Sad_Yogurtcloset2167",1,157,"EdSheeran"
"Unperfectbeautie",2,133,"EdSheeran"
"littleSTAY48",2,27,"EdSheeran"
"LowGrowth1383",2,51,"EdSheeran"
"Autumn813",2,29,"EdSheeran"
"crackers13160",1,116,"EdSheeran"
"Healthy-Somewhere220",2,329,"EdSheeran"
"crackers13160",1,52,"EdSheeran"
"MochiBaby1",1,200,"EdSheeran"
"clerthebird",1,63,"EdSheeran"
"TsukasaElkKite",1,21,"EdSheeran"
"clerthebird",2,14,"EdSheeran"
"TsukasaElkKite",1,56,"EdSheeran"
"clerthebird",2,17,"EdSheeran"
"emmatravels6",1,250,"EdSheeran"
"Hot_Total_8148",1,48,"EdSheeran"
"emmatravels6",1,52,"EdSheeran"
"Hot_Total_8148",1,48,"EdSheeran"
"Apprehensive_Bat3649",1,103,"EdSheeran"
"kiwiamy77",1,24,"EdSheeran"
"Applebugg",1,71,"EdSheeran"
"shortstop_princess",1,26,"EdSheeran"
"Sky_Rose4",1,23,"EdSheeran"
"Dramatic_Bet4372",1,7,"EdSheeran"
"jibunrock",1,246,"EdSheeran"
"AndresMan2004",1,18,"EdSheeran"
"ILoveEdSheeran_",1,286,"EdSheeran"
"jlk9182",1,128,"EdSheeran"
"Lokicat0320",1,185,"EdSheeran"
"LotsoBoss",1,52,"EdSheeran"
"Paz0729",1,244,"EdSheeran"
"Same_Bed1446",1,254,"EdSheeran"
"btewb",1,222,"EdSheeran"
"CKAH_35",1,35,"EdSheeran"
"Brilliant_Seaweed657",1,26,"EdSheeran"
"BrownEyedGurl1",1,140,"EdSheeran"
"foreverandalways21",1,57,"EdSheeran"
"Ocasionally_Social",1,59,"EdSheeran"
"foreverandalways21",1,47,"EdSheeran"
"No-Department8361",1,27,"EdSheeran"
"angelak303",1,100,"EdSheeran"
"derekpeake2",-5,119,"EdSheeran"
"tkralala",6,22,"EdSheeran"
"derekpeake2",-5,157,"EdSheeran"
"itwasyellowandboring",7,37,"EdSheeran"
"derekpeake2",-5,50,"EdSheeran"
"provoaggie",3,181,"EdSheeran"
"derekpeake2",1,154,"EdSheeran"
"provoaggie",2,270,"EdSheeran"
"provoaggie",2,144,"EdSheeran"
"derekpeake2",1,117,"EdSheeran"
"AutoModerator",1,554,"EdSheeran"
"MBEditorr",82,161,"EdSheeran"
"MBEditorr",16,54,"EdSheeran"
"UtkarshBajaj2008",1,47,"EdSheeran"
"Eastern_End_8431",1,62,"EdSheeran"
"TsukasaElkKite",1,7,"EdSheeran"
"Quick-Time",91,103,"EdSheeran"
"Mystery1001",25,67,"EdSheeran"
"Defiant_Delivery_799",6,10,"EdSheeran"
"prisonmike2323",16,140,"EdSheeran"
"Quick-Time",4,126,"EdSheeran"
"NaNaNa2010",9,128,"EdSheeran"
"miniaturegnome",3,24,"EdSheeran"
"Lilacly_Adily",8,412,"EdSheeran"
"HRHAnnipoo",21,93,"EdSheeran"
"Defiant_Delivery_799",3,18,"EdSheeran"
"indelebile09",19,52,"EdSheeran"
"misstarabeau",26,203,"EdSheeran"
"jumersmith",13,26,"EdSheeran"
"KMWAuntof6",3,42,"EdSheeran"
"Eastern_End_8431",1,67,"EdSheeran"
"gift_of_the-gab",5,93,"EdSheeran"
"UtkarshBajaj2008",2,67,"EdSheeran"
"Quick-Time",1,99,"EdSheeran"
"Eastern_End_8431",2,57,"EdSheeran"
"MrSteve094",43,232,"EdSheeran"
"Fabulous-Impress6691",12,101,"EdSheeran"
"questioning_soul18",5,134,"EdSheeran"
"kitkatbar27",2,181,"EdSheeran"
"Eastern_End_8431",1,13,"EdSheeran"
"Eastern_End_8431",1,43,"EdSheeran"
"Dramatic_Bet4372",48,114,"EdSheeran"
"RoyalEagle0408",7,6,"EdSheeran"
"cloudymelody",5,96,"EdSheeran"
"KMWAuntof6",5,142,"EdSheeran"
"cloudymelody",2,303,"EdSheeran"
"Eastern_End_8431",1,29,"EdSheeran"
"Eastern_End_8431",1,51,"EdSheeran"
"tomuelmerson",0,31,"EdSheeran"
"Eastern_End_8431",1,6,"EdSheeran"
"Trinox77",41,239,"EdSheeran"
"kalrospt",17,454,"EdSheeran"
"cloudymelody",9,97,"EdSheeran"
"Eastern_End_8431",1,13,"EdSheeran"
"Eastern_End_8431",1,39,"EdSheeran"
"Eastern_End_8431",1,9,"EdSheeran"
"Icy_Opinion9903",19,100,"EdSheeran"
"LA2688",1,44,"EdSheeran"
"Icy_Opinion9903",1,93,"EdSheeran"
"Useful_Classroom1091",16,27,"EdSheeran"
"Medium_Scratch_967",3,52,"EdSheeran"
"Eastern_End_8431",1,71,"EdSheeran"
"GREYSWlFT",1,160,"EdSheeran"
"Eastern_End_8431",1,2,"EdSheeran"
"Jlx_27",15,78,"EdSheeran"
"ILoveEdSheeran_",2,14,"EdSheeran"
"Jlx_27",2,93,"EdSheeran"
"KMWAuntof6",1,19,"EdSheeran"
"Jlx_27",2,54,"EdSheeran"
"Eastern_End_8431",2,4,"EdSheeran"
"KMWAuntof6",1,99,"EdSheeran"
"Eastern_End_8431",1,35,"EdSheeran"
"2113thecr0wingIV",45,106,"EdSheeran"
"MBEditorr",7,30,"EdSheeran"
"Bloo_669",1,29,"EdSheeran"
"Eastern_End_8431",1,4,"EdSheeran"
"Ambush__1327",29,87,"EdSheeran"
"Mining________101",8,36,"EdSheeran"
"KMWAuntof6",5,89,"EdSheeran"
"Ambush__1327",1,313,"EdSheeran"
"Eastern_End_8431",0,46,"EdSheeran"
"Ambush__1327",1,402,"EdSheeran"
"Eastern_End_8431",1,80,"EdSheeran"
"Defiant_Delivery_799",3,25,"EdSheeran"
"Eastern_End_8431",0,16,"EdSheeran"
"nvmzol",19,70,"EdSheeran"
"Defiant_Delivery_799",6,32,"EdSheeran"
"Medium_Scratch_967",5,38,"EdSheeran"
"seenbeen1",18,99,"EdSheeran"
"Defiant_Delivery_799",4,66,"EdSheeran"
"KMWAuntof6",3,163,"EdSheeran"
"Eastern_End_8431",2,69,"EdSheeran"
"lumierelove",2,24,"EdSheeran"
"questioning_soul18",18,1968,"EdSheeran"
"Teddybearer",4,204,"EdSheeran"
"gata_94",3,279,"EdSheeran"
"Sad-Philosopher4133",2,10,"EdSheeran"
"gorillafightsurvivor",10,53,"EdSheeran"
"antisha_9",5,91,"EdSheeran"
"halflost18",10,119,"EdSheeran"
"Defiant_Delivery_799",1,58,"EdSheeran"
"Bloo_669",1,23,"EdSheeran"
"Eastern_End_8431",1,123,"EdSheeran"
"Defiant_Delivery_799",8,58,"EdSheeran"
"RoyalEagle0408",2,17,"EdSheeran"
"ILoveEdSheeran_",1,199,"EdSheeran"
"wrongbetty",13,498,"EdSheeran"
"nexterdaytomato",8,365,"EdSheeran"
"wrongbetty",1,28,"EdSheeran"
"Teddybearer",4,270,"EdSheeran"
"RoyalEagle0408",4,133,"EdSheeran"
"ak14g15",5,45,"EdSheeran"
"[deleted]",19,9,"EdSheeran"
"ILoveEdSheeran_",2,125,"EdSheeran"
"CauliflowerQueasy357",5,18,"EdSheeran"
"ILoveEdSheeran_",2,85,"EdSheeran"
"DressDowntown",5,23,"EdSheeran"
"KMWAuntof6",1,25,"EdSheeran"
"DressDowntown",2,28,"EdSheeran"
"RoyalEagle0408",4,240,"EdSheeran"
"Defiant_Delivery_799",1,4,"EdSheeran"
"ALrightthen__97",4,98,"EdSheeran"
"Spiritual-Quarter-81",3,75,"EdSheeran"
"Direct_Employ_9747",3,94,"EdSheeran"
"Ok_Put_5567",3,696,"EdSheeran"
"Medium_Scratch_967",3,24,"EdSheeran"
"RG3114",3,3206,"EdSheeran"
"badhabitsxxx",5,140,"EdSheeran"
"JoanLinSheerio",5,183,"EdSheeran"
"CreepySmiley42",4,141,"EdSheeran"
"ILoveEdSheeran_",1,106,"EdSheeran"
"ILoveEdSheeran_",1,36,"EdSheeran"
"Ok-Bad-6436",3,198,"EdSheeran"
"Okamivee",5,53,"EdSheeran"
"KMWAuntof6",3,18,"EdSheeran"
"chargingblue",2,23,"EdSheeran"
"Low_City_6952",2,85,"EdSheeran"
"Mediocre_Captain338",2,199,"EdSheeran"
"JCF_101",2,74,"EdSheeran"
"Sad-Philosopher4133",1,8,"EdSheeran"
"lumierelove",1,117,"EdSheeran"
"PercyJackstone",2,30,"EdSheeran"
"VictorConrad95",2,62,"EdSheeran"
"Bloo_669",2,37,"EdSheeran"
"RoyalEagle0408",1,55,"EdSheeran"
"Bloo_669",1,113,"EdSheeran"
"ericsadventures",1,957,"EdSheeran"
"Extraman3001",1,107,"EdSheeran"
"WTFisonmyshoe",1,64,"EdSheeran"
"gata_94",1,177,"EdSheeran"
"santahasahat88",1,110,"EdSheeran"
"Naive-Eye1562",1,108,"EdSheeran"
"FakeMonaLisa28",1,130,"EdSheeran"
"MushroomSoft164",1,48,"EdSheeran"
"BleaUTICAn",1,18,"EdSheeran"
"UtkarshBajaj2008",1,292,"EdSheeran"
"Ordinary_History_79",1,285,"EdSheeran"
"constance-quotev",1,200,"EdSheeran"
"Eastern_End_8431",1,72,"EdSheeran"
"TsukasaElkKite",1,50,"EdSheeran"
"nexterdaytomato",1,69,"EdSheeran"
"killerpinkflamingo79",0,54,"EdSheeran"
"gata_94",1,29,"EdSheeran"
"AutoModerator",1,554,"EdSheeran"
"Brooklynrecreation",18,182,"EdSheeran"
"BagFinal6150",4,50,"EdSheeran"
"IronGrace14",3,11,"EdSheeran"
"Expensive_Ad6082",3,13,"EdSheeran"
"Wenma2011",3,26,"EdSheeran"
"Brooklynrecreation",3,35,"EdSheeran"
"onedirection072310_",3,36,"EdSheeran"
"ThatWeirdKid100",3,9,"EdSheeran"
"BagFinal6150",2,5,"EdSheeran"
"leterallynothing",3,6,"EdSheeran"
"BagFinal6150",1,18,"EdSheeran"
"BagFinal6150",2,30,"EdSheeran"
"Brooklynrecreation",4,59,"EdSheeran"
"BagFinal6150",3,106,"EdSheeran"
"Direct_Employ_9747",3,8,"EdSheeran"
"Brooklynrecreation",2,185,"EdSheeran"
"BagFinal6150",2,12,"EdSheeran"
"Icy_Substance9877",3,2,"EdSheeran"
"BagFinal6150",2,29,"EdSheeran"
"YouKnowWhoII",3,25,"EdSheeran"
"BagFinal6150",2,7,"EdSheeran"
"Icy_Substance9877",3,9,"EdSheeran"
"BuiscuitsAndTea",2,29,"EdSheeran"
"Much-Confusion4670",2,6,"EdSheeran"
"Brooklynrecreation",1,35,"EdSheeran"
"kiwiamy77",2,46,"EdSheeran"
"gata_94",2,38,"EdSheeran"
"Brooklynrecreation",1,19,"EdSheeran"
"GREYSWlFT",2,25,"EdSheeran"
"Brooklynrecreation",2,17,"EdSheeran"
"Suspicious_Power_860",2,19,"EdSheeran"
"Similar-Rub4799",2,13,"EdSheeran"
"BagFinal6150",1,19,"EdSheeran"
"Wild_Reach2246",2,13,"EdSheeran"
"BagFinal6150",1,5,"EdSheeran"
"Outrageous-Steak-603",2,13,"EdSheeran"
"BagFinal6150",2,7,"EdSheeran"
"Outrageous-Steak-603",2,9,"EdSheeran"
"teddys-favorite",2,20,"EdSheeran"
"BagFinal6150",1,7,"EdSheeran"
"comingtotank",2,16,"EdSheeran"
"BagFinal6150",2,7,"EdSheeran"
"Okamivee",2,21,"EdSheeran"
"BagFinal6150",1,7,"EdSheeran"
"Okamivee",1,7,"EdSheeran"
"JustSheerio",2,11,"EdSheeran"
"BagFinal6150",1,4,"EdSheeran"
"JustSheerio",2,15,"EdSheeran"
"_zemlyanika",2,9,"EdSheeran"
"BagFinal6150",1,7,"EdSheeran"
"Putrid_Horror_2016",2,38,"EdSheeran"
"BagFinal6150",2,7,"EdSheeran"
"Jealous-Rich-3749",2,16,"EdSheeran"
"BagFinal6150",2,7,"EdSheeran"
"Pleasant_Bumblebee44",2,6,"EdSheeran"
"Dramatic_Bet4372",2,16,"EdSheeran"
"Icy-Procedure5117",2,33,"EdSheeran"
"cnsosiehrbridnrnrifk",2,20,"EdSheeran"
"ThatWeirdKid100",2,9,"EdSheeran"
"InquiringMind886",2,14,"EdSheeran"
"BagFinal6150",1,97,"EdSheeran"
"BuiscuitsAndTea",2,29,"EdSheeran"
"BagFinal6150",2,7,"EdSheeran"
"Sant_Ana95",2,16,"EdSheeran"
"BagFinal6150",1,19,"EdSheeran"
"Luka_16",2,22,"EdSheeran"
"BagFinal6150",1,55,"EdSheeran"
"Luka_16",2,61,"EdSheeran"
"BagFinal6150",2,23,"EdSheeran"
"Fancy-Ad7732",2,21,"EdSheeran"
"BagFinal6150",1,4,"EdSheeran"
"Naive-Eye1562",2,17,"EdSheeran"
"BagFinal6150",1,7,"EdSheeran"
"RageKiLLer19",2,2,"EdSheeran"
"RageKiLLer19",2,6,"EdSheeran"
"BagFinal6150",1,7,"EdSheeran"
"Slight_Platform_9486",2,16,"EdSheeran"
"svenjaeso",2,16,"EdSheeran"
"BagFinal6150",1,4,"EdSheeran"
"-shouldveknownbetter",2,17,"EdSheeran"
"BagFinal6150",1,4,"EdSheeran"
"duckduckpenguin92",2,19,"EdSheeran"
"BagFinal6150",2,7,"EdSheeran"
"pandemi93",2,48,"EdSheeran"
"BagFinal6150",1,7,"EdSheeran"
"AllSxsAndSvns",2,31,"EdSheeran"
"BagFinal6150",1,7,"EdSheeran"
"caryguy",2,22,"EdSheeran"
"BagFinal6150",1,7,"EdSheeran"
"BonkersGiraffe",2,13,"EdSheeran"
"BagFinal6150",2,7,"EdSheeran"
"VisionIsHot",2,13,"EdSheeran"
"BagFinal6150",1,4,"EdSheeran"
"most_inconsistent",2,23,"EdSheeran"
"BagFinal6150",2,7,"EdSheeran"
"Forward-Building2498",2,15,"EdSheeran"
"BagFinal6150",1,19,"EdSheeran"
"Bunny_Lurking",2,16,"EdSheeran"
"BagFinal6150",1,7,"EdSheeran"
"GREYSWlFT",2,13,"EdSheeran"
"Suspicious_Power_860",2,21,"EdSheeran"
"Dizzy_Basil122",2,36,"EdSheeran"
"BagFinal6150",1,7,"EdSheeran"
"Dizzy_Basil122",2,10,"EdSheeran"
"Strict-Asparagus7720",2,15,"EdSheeran"
"BagFinal6150",1,25,"EdSheeran"
"Marrk",1,68,"EdSheeran"
"haikusbot",2,310,"EdSheeran"
"cnsosiehrbridnrnrifk",2,69,"EdSheeran"
"BagFinal6150",1,43,"EdSheeran"
"PristineLack2704",2,16,"EdSheeran"
"BagFinal6150",1,7,"EdSheeran"
"YellowEducational965",1,289,"EdSheeran"
"MonPetitFeroceChat",1,158,"EdSheeran"
"AutumnDaze01",34,58,"EdSheeran"
"GapHappy7709",54,105,"EdSheeran"
"MasterAroma",6,56,"EdSheeran"
"Defiant_Delivery_799",3,52,"EdSheeran"
"TpwkLeah",10,6,"EdSheeran"
"MasterAroma",3,39,"EdSheeran"
"Hollywoode",43,119,"EdSheeran"
"deathoftheauthor009",32,286,"EdSheeran"
"jerem1734",5,370,"EdSheeran"
"Defiant_Delivery_799",5,115,"EdSheeran"
"jerem1734",4,420,"EdSheeran"
"Flilix",1,431,"EdSheeran"
"TheMichaelScott",-1,72,"EdSheeran"
"Extra_Competition360",1,3,"EdSheeran"
"RWBYRain",6,27,"EdSheeran"
"MasterAroma",1,7,"EdSheeran"
"Matchaparrot",6,10,"EdSheeran"
"ResidentHourBomb",19,192,"EdSheeran"
"Defiant_Delivery_799",2,945,"EdSheeran"
"Hassaan18",13,59,"EdSheeran"
"[deleted]",16,835,"EdSheeran"
"MasterAroma",5,116,"EdSheeran"
"Defiant_Delivery_799",1,204,"EdSheeran"
"singfromthetable",11,33,"EdSheeran"
"MasterAroma",2,5,"EdSheeran"
"origamiteen",6,86,"EdSheeran"
"st0rmcl0ud",2,63,"EdSheeran"
"Defiant_Delivery_799",1,153,"EdSheeran"
"SquidsArePeople2",1,7,"EdSheeran"
"Admirable-Screen2238",3,8,"EdSheeran"
"Lilacly_Adily",4,592,"EdSheeran"
"[deleted]",4,59,"EdSheeran"
"JimmyShoesTV",14,290,"EdSheeran"
"KMWAuntof6",8,114,"EdSheeran"
"JoanLinSheerio",9,31,"EdSheeran"
"playing_gam",8,21,"EdSheeran"
"RefrigeratorNo9808",3,289,"EdSheeran"
"Usual-Amoeba2343",2,57,"EdSheeran"
"Zealousideal_Pie_348",3,42,"EdSheeran"
"Big_Excitement_8954",3,11,"EdSheeran"
"Hemantsms",3,18,"EdSheeran"
"North-Switch-9747",3,31,"EdSheeran"
"MasterAroma",2,5,"EdSheeran"
"EmilyAndToffee",3,16,"EdSheeran"
"hanj920",8,74,"EdSheeran"
"MeetingGunner7330",4,378,"EdSheeran"
"Ornery_Acanthisitta9",10,322,"EdSheeran"
"deathoftheauthor009",8,543,"EdSheeran"
"Ornery_Acanthisitta9",4,438,"EdSheeran"
"deathoftheauthor009",2,831,"EdSheeran"
"14FireFly14",2,63,"EdSheeran"
"Ornery_Acanthisitta9",1,162,"EdSheeran"
"Bellowing_belly0213",3,818,"EdSheeran"
"Defiant_Delivery_799",1,402,"EdSheeran"
"Ornery_Acanthisitta9",1,180,"EdSheeran"
"Defiant_Delivery_799",1,361,"EdSheeran"
"rasmulisone",15,28,"EdSheeran"
"MintWalls",6,56,"EdSheeran"
"CushionAroundHeart",6,8,"EdSheeran"
"Mystery1001",4,98,"EdSheeran"
"_zemlyanika",2,27,"EdSheeran"
"blueisodd",2,165,"EdSheeran"
"Defiant_Delivery_799",1,51,"EdSheeran"
"Life_Butterscotch939",2,142,"EdSheeran"
"Musicfanatic09",2,34,"EdSheeran"
"lolabeans88",2,57,"EdSheeran"
"Ok-Arm-920",2,8,"EdSheeran"
"surreynot",2,139,"EdSheeran"
"UnusualKlayy",1,74,"EdSheeran"
"surreynot",1,67,"EdSheeran"
"UnusualKlayy",1,88,"EdSheeran"
"CapGlass3857",1,21,"EdSheeran"
"Icealicy",2,554,"EdSheeran"
"[deleted]",2,118,"EdSheeran"
"Frequent_Customer727",2,33,"EdSheeran"
"Terrible-Special5792",2,126,"EdSheeran"
"14FireFly14",2,95,"EdSheeran"
"Left-Book7647",2,8,"EdSheeran"
"CatDad2Minskins",2,73,"EdSheeran"
"yellowrubyhedgehog",2,176,"EdSheeran"
"Mysterious-Koala-648",2,7,"EdSheeran"
"SquidsArePeople2",2,125,"EdSheeran"
"Due_Breadfruit2685",2,131,"EdSheeran"
"shweyee97",2,12,"EdSheeran"
"Junglepass",2,68,"EdSheeran"
"Jonesyrules15",2,14,"EdSheeran"
"crisallen95",2,42,"EdSheeran"
"chargingblue",5,86,"EdSheeran"
"InquiringMind886",2,494,"EdSheeran"
"chargingblue",2,73,"EdSheeran"
"X_TheMindFlayer_X",3,40,"EdSheeran"
"zintcala",4,357,"EdSheeran"
"Vanil-je",4,46,"EdSheeran"
"Mental_Driver_6134",2,592,"EdSheeran"
"No-Bed3335",2,39,"EdSheeran"
"AutoModerator",1,554,"EdSheeran"
"AfterStrawberries",1,107,"EdSheeran"
"dmrob058",2,108,"EdSheeran"
"[deleted]",0,9,"EdSheeran"
"Defiant_Delivery_799",2,65,"EdSheeran"
"MasterAroma",-1,124,"EdSheeran"
"dmrob058",0,165,"EdSheeran"
"shortstop_princess",1,15,"EdSheeran"
"Much-Confusion4670",1,315,"EdSheeran"
"Much-Confusion4670",1,7,"EdSheeran"
"leoricharte",1,19,"EdSheeran"
"ChristmasPuddingFL",0,2,"EdSheeran"
"AutoModerator",1,554,"EdSheeran"
"iburnrealeasy",11,71,"EdSheeran"
"Effective_Cell_1148",9,317,"EdSheeran"
"iburnrealeasy",3,113,"EdSheeran"
"Effective_Cell_1148",3,59,"EdSheeran"
"iburnrealeasy",2,12,"EdSheeran"
"[deleted]",1,9,"EdSheeran"
"DreamCry",1,322,"EdSheeran"
"[deleted]",2,9,"EdSheeran"
"DreamCry",1,142,"EdSheeran"
"lilacxangel",1,62,"EdSheeran"
"DreamCry",1,18,"EdSheeran"
"Necessary_Charge3983",1,34,"EdSheeran"
"Strict-Asparagus7720",6,62,"EdSheeran"
"Effective_Cell_1148",1,12,"EdSheeran"
"kweis15",4,44,"EdSheeran"
"Effective_Cell_1148",2,63,"EdSheeran"
"Auroraa55",3,31,"EdSheeran"
"Effective_Cell_1148",2,15,"EdSheeran"
"theunicornsquisher",4,41,"EdSheeran"
"Effective_Cell_1148",4,486,"EdSheeran"
"Leanplant527",2,63,"EdSheeran"
"Sweet-Cantaloupe-792",2,212,"EdSheeran"
"Leanplant527",2,25,"EdSheeran"
"Leanplant527",1,32,"EdSheeran"
"Effective_Cell_1148",2,32,"EdSheeran"
"theunicornsquisher",1,23,"EdSheeran"
"IndependenceOne5486",3,54,"EdSheeran"
"InterviewNo268",1,191,"EdSheeran"
"emmatravels6",3,98,"EdSheeran"
"Effective_Cell_1148",3,149,"EdSheeran"
"AshamedEngine5725",3,45,"EdSheeran"
"kweis15",3,47,"EdSheeran"
"LVJYBandNews",3,96,"EdSheeran"
"Effective_Cell_1148",2,28,"EdSheeran"
"LVJYBandNews",1,4,"EdSheeran"
"Shot-Trust7640",3,99,"EdSheeran"
"AdAcademic6654",3,12,"EdSheeran"
"kelloggssureal",3,70,"EdSheeran"
"valeamando8253",3,244,"EdSheeran"
"kelloggssureal",1,18,"EdSheeran"
"valeamando8253",1,113,"EdSheeran"
"kelloggssureal",1,4,"EdSheeran"
"kpopchicken",2,36,"EdSheeran"
"kelloggssureal",1,9,"EdSheeran"
"Better_Sherbert_3804",2,47,"EdSheeran"
"kpopchicken",2,25,"EdSheeran"
"Hurley_Fam",1,51,"EdSheeran"
"Shot-Trust7640",1,29,"EdSheeran"
"Hurley_Fam",1,73,"EdSheeran"
"Shot-Trust7640",1,46,"EdSheeran"
"Necessary_Charge3983",1,49,"EdSheeran"
"everythingbagel57",3,174,"EdSheeran"
"Better_Sherbert_3804",2,68,"EdSheeran"
"kelloggssureal",3,70,"EdSheeran"
"Better_Sherbert_3804",1,38,"EdSheeran"
"everythingbagel57",3,295,"EdSheeran"
"valeamando8253",2,76,"EdSheeran"
"everythingbagel57",4,314,"EdSheeran"
"valeamando8253",1,39,"EdSheeran"
"kelloggssureal",3,18,"EdSheeran"
"Safe_Impress_7958",3,31,"EdSheeran"
"Better_Sherbert_3804",4,85,"EdSheeran"
"kpopchicken",3,15,"EdSheeran"
"kelloggssureal",5,70,"EdSheeran"
"Effective-Shoe-1820",5,29,"EdSheeran"
"Sweet-Cantaloupe-792",1,8,"EdSheeran"
"gorillafightsurvivor",2,100,"EdSheeran"
"Effective_Cell_1148",2,18,"EdSheeran"
"ChucktheIncredible",2,72,"EdSheeran"
"LVJYBandNews",2,87,"EdSheeran"
"Necessary_Charge3983",2,374,"EdSheeran"
"valeamando8253",1,192,"EdSheeran"
"kelloggssureal",2,70,"EdSheeran"
"Necessary_Charge3983",2,75,"EdSheeran"
"kelloggssureal",2,70,"EdSheeran"
"AvocadoOwn530",1,126,"EdSheeran"
"Expensive_Visual_218",2,63,"EdSheeran"
"greenantelope12345",1,136,"EdSheeran"
"valeamando8253",2,40,"EdSheeran"
"twinkle5stars",2,77,"EdSheeran"
"AvocadoOwn530",1,46,"EdSheeran"
"Professional-Ear8930",1,380,"EdSheeran"
"kweis15",2,762,"EdSheeran"
"Professional-Ear8930",1,255,"EdSheeran"
"Hairy_Phone_2434",1,269,"EdSheeran"
"Effective_Cell_1148",1,68,"EdSheeran"
"theunicornsquisher",2,89,"EdSheeran"
"kelloggssureal",2,61,"EdSheeran"
"theunicornsquisher",1,121,"EdSheeran"
"kelloggssureal",3,70,"EdSheeran"
"Effective_Cell_1148",2,157,"EdSheeran"
"SailThese",1,63,"EdSheeran"
"valeamando8253",4,123,"EdSheeran"
"theunicornsquisher",2,184,"EdSheeran"
"valeamando8253",1,21,"EdSheeran"
"Soft_Form_9451",1,96,"EdSheeran"
"valeamando8253",1,112,"EdSheeran"
"wcamacho23",1,136,"EdSheeran"
"Bora_Hae7",1,259,"EdSheeran"
"wcamacho23",1,144,"EdSheeran"
"PretendPoetry9096",1,37,"EdSheeran"
"Professional-Ear8930",1,243,"EdSheeran"
"Effective_Cell_1148",1,307,"EdSheeran"
"Professional-Ear8930",2,196,"EdSheeran"
"Effective_Cell_1148",1,38,"EdSheeran"
"AvocadoOwn530",0,99,"EdSheeran"
"AvocadoOwn530",0,92,"EdSheeran"
"readersky",0,86,"EdSheeran"
"AvocadoOwn530",1,120,"EdSheeran"
"AutoModerator",1,554,"EdSheeran"
"HistoricalExplorer26",56,9,"EdSheeran"
"UnicornShadow248",34,18,"EdSheeran"
"Expensive_Ad6082",8,123,"EdSheeran"
"UnicornShadow248",5,142,"EdSheeran"
"Bloo_669",3,106,"EdSheeran"
"Expensive_Ad6082",1,83,"EdSheeran"
"Bloo_669",2,89,"EdSheeran"
"UnicornShadow248",2,90,"EdSheeran"
"Expensive_Ad6082",2,9,"EdSheeran"
"DressDowntown",1,91,"EdSheeran"
"Expensive_Ad6082",2,99,"EdSheeran"
"DressDowntown",1,77,"EdSheeran"
"Expensive_Ad6082",2,62,"EdSheeran"
"DressDowntown",1,51,"EdSheeran"
"Expensive_Ad6082",2,70,"EdSheeran"
"DressDowntown",1,33,"EdSheeran"
"Expensive_Ad6082",2,36,"EdSheeran"
"Paladin-Leeroy",30,13,"EdSheeran"
"Screen_Scroller987",9,49,"EdSheeran"
"Key_Lavishness_3388",5,78,"EdSheeran"
"OnVa54",32,200,"EdSheeran"
"mad-millennial",8,263,"EdSheeran"
"OnVa54",3,194,"EdSheeran"
"Key_Lavishness_3388",2,263,"EdSheeran"
"UnusualKlayy",14,27,"EdSheeran"
"EasyKaleidoscope6436",12,287,"EdSheeran"
"Few-Tomatillo4857",2,15,"EdSheeran"
"Bloo_669",2,195,"EdSheeran"
"TITANIUMPOWERED",11,8,"EdSheeran"
"Aggressive-Ad8192",9,81,"EdSheeran"
"imjayhime",3,29,"EdSheeran"
"SmugChinchilla",2,37,"EdSheeran"
"cnsosiehrbridnrnrifk",1,166,"EdSheeran"
"Key_Lavishness_3388",1,180,"EdSheeran"
"RoyalEagle0408",4,223,"EdSheeran"
"rush2me",6,11,"EdSheeran"
"Ok-Bad-6436",4,4,"EdSheeran"
"MBEditorr",5,20,"EdSheeran"
"ILoveEdSheeran_",4,13,"EdSheeran"
"EternalInferno22",3,170,"EdSheeran"
"Brooklynrecreation",3,195,"EdSheeran"
"Expensive_Ad6082",2,16,"EdSheeran"
"Fair_Opportunity7193",3,120,"EdSheeran"
"Popular_Definition33",3,26,"EdSheeran"
"Lumpythegnome",1,14,"EdSheeran"
"catladytimestwo",5,10,"EdSheeran"
"brattylilmisfit",2,8,"EdSheeran"
"Izzy-saurus",2,191,"EdSheeran"
"Diligent-Complex4446",2,16,"EdSheeran"
"No_Astronomer6705",2,6,"EdSheeran"
"ikittyoooh",2,1,"EdSheeran"
"caroline_coldplayer",2,18,"EdSheeran"
"flagshipplayer",2,53,"EdSheeran"
"MichaelGoulet",1,6,"EdSheeran"
"Affectionate-Oil8354",1,32,"EdSheeran"
"Ill-School-5473",1,13,"EdSheeran"
"mightve-been",1,18,"EdSheeran"
"Ryanhuddz14",1,19,"EdSheeran"
"Consistent-Dinner799",1,9,"EdSheeran"
"Mental-Ask5471",1,6,"EdSheeran"
"Latter_Objective_937",1,8,"EdSheeran"
"WeddingJealous2433",1,80,"EdSheeran"
"Bloodstream1966",1,8,"EdSheeran"
"miniaturegnome",1,88,"EdSheeran"
"F1REFLY_",1,18,"EdSheeran"
"Dramatic_Bet4372",1,79,"EdSheeran"
"1auvre",1,4,"EdSheeran"
"the-crafty-artist",1,34,"EdSheeran"
"lexi-husky",1,29,"EdSheeran"
"Shinixxx",1,82,"EdSheeran"
"peny46",1,30,"EdSheeran"
"RoleNovel5938",1,20,"EdSheeran"
"gavinlooong",1,6,"EdSheeran"
"AutumnDaze01",1,6,"EdSheeran"
"Key_Lavishness_3388",1,27,"EdSheeran"
"starlord265",1,336,"EdSheeran"
"NaNaNa2010",1,34,"EdSheeran"
"mates301",1,10,"EdSheeran"
"ilovedoggiesstfu",1,59,"EdSheeran"
"sakshamwithagarwal",1,1,"EdSheeran"
"kaichan298",1,43,"EdSheeran"
"Laksefod",1,6,"EdSheeran"
"agusofwind7568",1,169,"EdSheeran"
"ToyinJr",1,33,"EdSheeran"
"AutoModerator",1,554,"EdSheeran"
"Happy_Election_9884",104,73,"EdSheeran"
"BagFinal6150",83,161,"EdSheeran"
"Mental_Driver_6134",56,303,"EdSheeran"
"MeetingGunner7330",27,482,"EdSheeran"
"hollygolightly1990",15,289,"EdSheeran"
"ILoveEdSheeran_",1,85,"EdSheeran"
"Defiant_Delivery_799",3,127,"EdSheeran"
"Hassaan18",15,58,"EdSheeran"
"BagFinal6150",15,83,"EdSheeran"
"hollygolightly1990",3,25,"EdSheeran"
"LoadAble2728",7,45,"EdSheeran"
"hollygolightly1990",13,217,"EdSheeran"
"ILoveEdSheeran_",1,60,"EdSheeran"
"ShekhMaShierakiAnni",2,81,"EdSheeran"
"Ahmedheshamvenom",5,142,"EdSheeran"
"Defiant_Delivery_799",3,535,"EdSheeran"
"BagFinal6150",1,369,"EdSheeran"
"Defiant_Delivery_799",2,125,"EdSheeran"
"Icy_Opinion9903",39,98,"EdSheeran"
"MeetingGunner7330",37,537,"EdSheeran"
"Defiant_Delivery_799",2,712,"EdSheeran"
"Excellent-Gas-3912",15,145,"EdSheeran"
"Ok-Bad-6436",15,74,"EdSheeran"
"Double-Sand8244",3,96,"EdSheeran"
"ILoveEdSheeran_",1,836,"EdSheeran"
"HeyKidsSpelling1sFun",10,406,"EdSheeran"
"Long_Bumblebee_7815",2,92,"EdSheeran"
"HeyKidsSpelling1sFun",2,79,"EdSheeran"
"mouseratleadguitar",10,70,"EdSheeran"
"Defiant_Delivery_799",2,285,"EdSheeran"
"gorillafightsurvivor",20,284,"EdSheeran"
"BagFinal6150",8,317,"EdSheeran"
"Ok-School3081",1,347,"EdSheeran"
"poisonapple77",9,23,"EdSheeran"
"Lotsofsalty",7,140,"EdSheeran"
"Defiant_Delivery_799",2,39,"EdSheeran"
"ILoveEdSheeran_",2,6,"EdSheeran"
"The_Best_Channel_",6,440,"EdSheeran"
"Unlucky-Opposite-565",6,61,"EdSheeran"
"No_Patience4443",7,90,"EdSheeran"
"Ok-School3081",13,539,"EdSheeran"
"KMWAuntof6",5,19,"EdSheeran"
"saraek1980",7,199,"EdSheeran"
"Double-Sand8244",11,119,"EdSheeran"
"HRHAnnipoo",1,4,"EdSheeran"
"Shinixxx",4,45,"EdSheeran"
"TimoLovesMusic",4,214,"EdSheeran"
"Calmwrymn",4,103,"EdSheeran"
"shadesofwrong13",7,302,"EdSheeran"
"Phil-R-17",7,189,"EdSheeran"
"Key_Lavishness_3388",3,24,"EdSheeran"
"Defiant_Delivery_799",3,359,"EdSheeran"
"Mental_Driver_6134",2,263,"EdSheeran"
"Defiant_Delivery_799",3,575,"EdSheeran"
"ILoveEdSheeran_",1,139,"EdSheeran"
"Solid_Crab_4748",3,3090,"EdSheeran"
"shadesofwrong13",2,238,"EdSheeran"
"gata_94",1,1382,"EdSheeran"
"Solid_Crab_4748",2,748,"EdSheeran"
"hyoeeran",3,46,"EdSheeran"
"Long_Bumblebee_7815",4,142,"EdSheeran"
"gabby13579",3,47,"EdSheeran"
"lexi-husky",2,8,"EdSheeran"
"Unable_Conclusion732",2,30,"EdSheeran"
"[deleted]",2,9,"EdSheeran"
"Mental_Driver_6134",1,97,"EdSheeran"
"Payton-Brockenbrough",2,193,"EdSheeran"
"Countrymare",2,1201,"EdSheeran"
"gabby13579",2,74,"EdSheeran"
"Affectionate-Oil8354",3,35,"EdSheeran"
"TimoLovesMusic",7,35,"EdSheeran"
"Affectionate-Oil8354",1,93,"EdSheeran"
"[deleted]",1,9,"EdSheeran"
"BagFinal6150",6,67,"EdSheeran"
"IndicaWicca",1,592,"EdSheeran"
"PeterG92",1,66,"EdSheeran"
"melissaisntreal",1,30,"EdSheeran"
"Dtm0929",1,300,"EdSheeran"
"ILoveEdSheeran_",1,256,"EdSheeran"
"VehicleNo8571",-3,223,"EdSheeran"
"Mental_Driver_6134",8,67,"EdSheeran"
"VehicleNo8571",-1,157,"EdSheeran"
"Mental_Driver_6134",6,267,"EdSheeran"
"VehicleNo8571",1,341,"EdSheeran"
"Mental_Driver_6134",3,407,"EdSheeran"
"VehicleNo8571",1,127,"EdSheeran"
"AutoModerator",1,554,"EdSheeran"
"Sarj_eel",51,10,"EdSheeran"
"Zer0-Nebula",4,41,"EdSheeran"
"casper199821",1,10,"EdSheeran"
"Quiet-Opposite-8890",19,387,"EdSheeran"
"Ok_Put_5567",18,90,"EdSheeran"
"Defiant_Delivery_799",2,19,"EdSheeran"
"ToyinJr",26,76,"EdSheeran"
"whyshouldibe",23,13,"EdSheeran"
"Inner-Impress9434",25,11,"EdSheeran"
"prisonmike2323",3,23,"EdSheeran"
"Kingykolngy",1,12,"EdSheeran"
"JonathanDM7",8,11,"EdSheeran"
"PeterAnonymous24",16,42,"EdSheeran"
"Zer0-Nebula",1,50,"EdSheeran"
"Basic-Main-1865",8,18,"EdSheeran"
"646ulose",6,10,"EdSheeran"
"JCF_101",4,31,"EdSheeran"
"fraggle-rocks",3,148,"EdSheeran"
"646ulose",1,6,"EdSheeran"
"fraggle-rocks",10,118,"EdSheeran"
"JCF_101",6,138,"EdSheeran"
"fraggle-rocks",1,105,"EdSheeran"
"poisonapple77",4,34,"EdSheeran"
"fraggle-rocks",3,117,"EdSheeran"
"mylifeisamess247",2,234,"EdSheeran"
"fraggle-rocks",2,39,"EdSheeran"
"Hassaan18",4,8,"EdSheeran"
"JCF_101",3,26,"EdSheeran"
"Last-Worldliness6344",6,77,"EdSheeran"
"cnsosiehrbridnrnrifk",7,11,"EdSheeran"
"JCF_101",2,36,"EdSheeran"
"cnsosiehrbridnrnrifk",3,47,"EdSheeran"
"loganchittyisuhhcool",4,82,"EdSheeran"
"Maltifandom23",4,58,"EdSheeran"
"LoadAble2728",5,45,"EdSheeran"
"Aaron02496",5,13,"EdSheeran"
"Outrageous-Steak-603",3,30,"EdSheeran"
"upstatedreaming3816",3,45,"EdSheeran"
"Sad-Garage-2642",2,129,"EdSheeran"
"pengu280608",2,15,"EdSheeran"
"HisSpo2345",2,68,"EdSheeran"
"mannyade",2,130,"EdSheeran"
"PARTHC02",2,77,"EdSheeran"
"Popular_Definition33",2,68,"EdSheeran"
"JCF_101",1,48,"EdSheeran"
"ericsadventures",2,9,"EdSheeran"
"[deleted]",2,126,"EdSheeran"
"bad_bet_blews27",2,14,"EdSheeran"
"JCF_101",1,9,"EdSheeran"
"whyshouldibe",2,13,"EdSheeran"
"JCF_101",4,46,"EdSheeran"
"Icy_Opinion9903",2,13,"EdSheeran"
"JCF_101",0,5,"EdSheeran"
"Icy_Opinion9903",2,25,"EdSheeran"
"JCF_101",0,35,"EdSheeran"
"Icy_Opinion9903",1,40,"EdSheeran"
"Own-Artist-6283",1,20,"EdSheeran"
"jrnwfire",1,11,"EdSheeran"
"surreynot",1,9,"EdSheeran"
"surreynot",1,11,"EdSheeran"
"ReginaldSwift",1,18,"EdSheeran"
"thecursedenigma",1,79,"EdSheeran"
"Msmadmama",1,146,"EdSheeran"
"JCF_101",1,35,"EdSheeran"
"Cjm-63",1,10,"EdSheeran"
"JCF_101",2,7,"EdSheeran"
"musicianish",1,206,"EdSheeran"
"Defiant_Delivery_799",1,129,"EdSheeran"
"Vivid-Tap1710",1,161,"EdSheeran"
"Excellent-Gas-3912",1,47,"EdSheeran"
"Ok_Championship8504",1,62,"EdSheeran"
"F1REFLY_",1,54,"EdSheeran"
"historylover1997",1,11,"EdSheeran"
"Bloo_669",1,14,"EdSheeran"
"Ed_Sheeran_the_Mask",1,7,"EdSheeran"
"Revolutionary_Test64",1,8,"EdSheeran"
"GapHappy7709",1,14,"EdSheeran"
"mightve-been",1,54,"EdSheeran"
"seenbeen1",1,12,"EdSheeran"
"miniaturegnome",1,4,"EdSheeran"
"Jyrali",1,10,"EdSheeran"
"Complex_Narwhal_8924",1,64,"EdSheeran"
"GabrielHelewa",1,24,"EdSheeran"
"AutoModerator",1,554,"EdSheeran"
"Specific_Impact2076",26,20,"EdSheeran"
"arl1286",7,124,"EdSheeran"
"Shinixxx",3,47,"EdSheeran"
"KMWAuntof6",2,72,"EdSheeran"
"Plaid_or_flannel",2,68,"EdSheeran"
"Fia-Lia",26,26,"EdSheeran"
"rjdrennen1987",2,4,"EdSheeran"
"michellfelippe",20,12,"EdSheeran"
"Illustrious-Onion329",9,312,"EdSheeran"
"KMWAuntof6",2,6,"EdSheeran"
"Hassaan18",8,151,"EdSheeran"
"[deleted]",7,11,"EdSheeran"
"emperius317",7,191,"EdSheeran"
"RubytheKath",5,326,"EdSheeran"
"emperius317",5,79,"EdSheeran"
"rettea",4,34,"EdSheeran"
"[deleted]",3,491,"EdSheeran"
"silverleaf451",3,10,"EdSheeran"
"CjDalton89",1,115,"EdSheeran"
"Acceptable-Device936",3,4,"EdSheeran"
"ObligationNo2145",2,57,"EdSheeran"
"Shadows268",2,22,"EdSheeran"
"Severe-Street1810",2,58,"EdSheeran"
"tauriemariee",2,10,"EdSheeran"
"Admirable-Screen2238",2,118,"EdSheeran"
"AeroScissors25",2,17,"EdSheeran"
"Frequent_Customer727",1,13,"EdSheeran"
"nataliexo92",4,17,"EdSheeran"
"the_sherl0ck",1,12,"EdSheeran"
"mjpack4",1,11,"EdSheeran"
"Similar-Fennel8759",1,88,"EdSheeran"
"Broad-Extent4445",1,10,"EdSheeran"
"MzIndependent1421",1,68,"EdSheeran"
"KMWAuntof6",1,37,"EdSheeran"
"Ollie1051",1,333,"EdSheeran"
"maylena96",1,50,"EdSheeran"
"Helpful_Swimmer7691",1,42,"EdSheeran"
"playing_gam",1,58,"EdSheeran"
"haikusbot",2,307,"EdSheeran"
"Keycorecuz1",1,224,"EdSheeran"
"Necessary-Sound-4996",1,4,"EdSheeran"
"RoyalEagle0408",1,112,"EdSheeran"
"GapHappy7709",1,33,"EdSheeran"
"wiresandwood",1,9,"EdSheeran"
"hart818",1,10,"EdSheeran"
"Hisoka8999",1,72,"EdSheeran"
"AccomplishedSelf1117",1,10,"EdSheeran"
"its___parag",1,191,"EdSheeran"
"VermicelliSquare9795",1,12,"EdSheeran"
"Recent-Intention-149",1,7,"EdSheeran"
"Blow_Ll32",1,12,"EdSheeran"
"CreepySmiley42",1,7,"EdSheeran"
"imjayhime",1,113,"EdSheeran"
"Silver_Oakleaf",1,10,"EdSheeran"
"k10001k",1,133,"EdSheeran"
"Bloo_669",1,118,"EdSheeran"
"AffectionateStudy683",1,32,"EdSheeran"
"AureliaAubreeAstor",1,23,"EdSheeran"
"Strong-Seaweed-8768",1,65,"EdSheeran"
"Bloodsteam1966",1,15,"EdSheeran"
"halflost18",1,28,"EdSheeran"
"Riot-everywhere",1,72,"EdSheeran"
"[deleted]",1,10,"EdSheeran"
"[deleted]",1,201,"EdSheeran"
"HowwwUDoing",1,27,"EdSheeran"
"B1ackoutartist",1,34,"EdSheeran"
"sahilD04",1,25,"EdSheeran"
"brocrodi",1,19,"EdSheeran"
"LectureChemical8038",1,22,"EdSheeran"
"glancesurreal",1,10,"EdSheeran"
"coolmascot285",1,34,"EdSheeran"
"hopeysisser",1,69,"EdSheeran"
"Fun-Poet5338",1,83,"EdSheeran"
"Unusual_Peanut441",1,96,"EdSheeran"
"Over_River645",1,39,"EdSheeran"
"HalfOk247",1,185,"EdSheeran"
"[deleted]",1,10,"EdSheeran"
"Informal_Pie3834",1,58,"EdSheeran"
"[deleted]",1,18,"EdSheeran"
"Maxhksg",1,4,"EdSheeran"
"GetOffMyCabbages",1,47,"EdSheeran"
"IndividualPresent129",1,270,"EdSheeran"
"AutoModerator",1,554,"EdSheeran"
"BonkersGiraffe",15,227,"EdSheeran"
"Defiant_Reception471",6,83,"EdSheeran"
"Consistent-Life-2852",2,38,"EdSheeran"
"Unfair-Detective4038",2,13,"EdSheeran"
"Autumn813",8,68,"EdSheeran"
"Unfair-Detective4038",3,393,"EdSheeran"
"Autumn813",3,71,"EdSheeran"
"Unfair-Detective4038",1,69,"EdSheeran"
"Eal23",2,261,"EdSheeran"
"Unfair-Detective4038",2,183,"EdSheeran"
"laschminkie",1,133,"EdSheeran"
"[deleted]",1,9,"EdSheeran"
"Unfair-Detective4038",1,178,"EdSheeran"
"BonkersGiraffe",6,171,"EdSheeran"
"queen_pin14",3,107,"EdSheeran"
"Effective-Resort-950",1,65,"EdSheeran"
"Individual_Cicada_34",2,191,"EdSheeran"
"winnerwinnerprisond8",1,23,"EdSheeran"
"Effective-Resort-950",1,50,"EdSheeran"
"North-Switch-9747",2,183,"EdSheeran"
"lalajo58",3,512,"EdSheeran"
"North-Switch-9747",1,93,"EdSheeran"
"Main-Ad-8749",1,15,"EdSheeran"
"Effective-Resort-950",1,42,"EdSheeran"
"North-Switch-9747",1,69,"EdSheeran"
"Effective-Resort-950",2,93,"EdSheeran"
"North-Switch-9747",3,90,"EdSheeran"
"Nanny_Chron_341",1,122,"EdSheeran"
"North-Switch-9747",1,300,"EdSheeran"
"Eal23",3,181,"EdSheeran"
"SuziesKoozie",3,114,"EdSheeran"
"Unfair-Detective4038",1,61,"EdSheeran"
"Unfair-Detective4038",1,58,"EdSheeran"
"Unfair-Detective4038",1,334,"EdSheeran"
"Exciting_Value_3257",3,459,"EdSheeran"
"Unfair-Detective4038",1,182,"EdSheeran"
"Exciting_Value_3257",2,350,"EdSheeran"
"Unfair-Detective4038",-1,157,"EdSheeran"
"Consistent-Life-2852",1,164,"EdSheeran"
"Unfair-Detective4038",1,348,"EdSheeran"
"Exciting_Value_3257",2,1401,"EdSheeran"
"Consistent-Life-2852",3,84,"EdSheeran"
"Effective-Resort-950",2,126,"EdSheeran"
"Effective-Resort-950",1,153,"EdSheeran"
"LadyLilithTheCat",1,142,"EdSheeran"
"Exciting_Value_3257",3,339,"EdSheeran"
"LadyLilithTheCat",2,176,"EdSheeran"
"Exciting_Value_3257",3,808,"EdSheeran"
"LadyLilithTheCat",2,28,"EdSheeran"
"Consistent-Life-2852",-2,142,"EdSheeran"
"Unfair-Detective4038",2,92,"EdSheeran"
"Unfair-Detective4038",0,391,"EdSheeran"
"Exciting_Value_3257",2,581,"EdSheeran"
"No-Purpose-1251",1,45,"EdSheeran"
"winnerwinnerprisond8",1,29,"EdSheeran"
"Eal23",2,271,"EdSheeran"
"Unfair-Detective4038",2,137,"EdSheeran"
"[deleted]",3,143,"EdSheeran"
"SuziesKoozie",1,62,"EdSheeran"
"Unfair-Detective4038",1,9,"EdSheeran"
"Unfair-Detective4038",1,153,"EdSheeran"
"mulesanddogslover82",2,137,"EdSheeran"
"Eal23",1,217,"EdSheeran"
"winnerwinnerprisond8",2,91,"EdSheeran"
"Effective-Resort-950",1,8,"EdSheeran"
"Consistent-Life-2852",2,282,"EdSheeran"
"Unfair-Detective4038",1,20,"EdSheeran"
"redSunflower13",1,299,"EdSheeran"
"kaydenwilley",1,26,"EdSheeran"
"RoleNovel5938",1,22,"EdSheeran"
"Autumn813",1,55,"EdSheeran"
"prchord",1,90,"EdSheeran"
"Eal23",2,75,"EdSheeran"
"North-Switch-9747",2,107,"EdSheeran"
"prchord",1,166,"EdSheeran"
"Exciting_Value_3257",2,196,"EdSheeran"
"laschminkie",1,495,"EdSheeran"
"lalajo58",1,210,"EdSheeran"
"AutoModerator",1,554,"EdSheeran"
"MBEditorr",77,258,"EdSheeran"
"Defiant_Delivery_799",25,25,"EdSheeran"
"MBEditorr",10,52,"EdSheeran"
"Defiant_Delivery_799",2,108,"EdSheeran"
"Joh02",3,107,"EdSheeran"
"Defiant_Delivery_799",2,131,"EdSheeran"
"Joh02",2,255,"EdSheeran"
"South-Bat-7294",2,6,"EdSheeran"
"Joh02",1,14,"EdSheeran"
"IHateLowBattery",39,34,"EdSheeran"
"Bellowing_belly0213",18,14,"EdSheeran"
"singfromthetable",7,33,"EdSheeran"
"MBEditorr",4,208,"EdSheeran"
"[deleted]",-7,9,"EdSheeran"
"Ok-Bad-6436",4,241,"EdSheeran"
"[deleted]",2,9,"EdSheeran"
"Ok-Bad-6436",3,390,"EdSheeran"
"Joh02",1,527,"EdSheeran"
"PhotographBusy6209",1,81,"EdSheeran"
"[deleted]",1,9,"EdSheeran"
"PhotographBusy6209",1,154,"EdSheeran"
"[deleted]",1,9,"EdSheeran"
"PhotographBusy6209",1,50,"EdSheeran"
"MBEditorr",1,56,"EdSheeran"
"TheSavagePost",0,272,"EdSheeran"
"Swiftk92",35,361,"EdSheeran"
"Joh02",1,129,"EdSheeran"
"Swiftk92",2,101,"EdSheeran"
"Joh02",1,49,"EdSheeran"
"[deleted]",-14,9,"EdSheeran"
"Swiftk92",7,69,"EdSheeran"
"singfromthetable",29,97,"EdSheeran"
"XilaMac",14,132,"EdSheeran"
"GapHappy7709",7,9,"EdSheeran"
"Swiftk92",2,46,"EdSheeran"
"TpwkLeah",10,76,"EdSheeran"
"CushionAroundHeart",20,32,"EdSheeran"
"EasyKaleidoscope6436",12,148,"EdSheeran"
"Double-Sand8244",8,244,"EdSheeran"
"shadesofwrong13",6,258,"EdSheeran"
"dns895",10,406,"EdSheeran"
"Joh02",3,147,"EdSheeran"
"Huntsvegas97",3,112,"EdSheeran"
"curvy_em",8,251,"EdSheeran"
"[deleted]",8,9,"EdSheeran"
"alygraphy",0,74,"EdSheeran"
"arl1286",8,127,"EdSheeran"
"CoronaVirus_exe",2,39,"EdSheeran"
"arl1286",6,49,"EdSheeran"
"curvy_em",7,117,"EdSheeran"
"Joh02",2,129,"EdSheeran"
"BigReputation6765",1,62,"EdSheeran"
"[deleted]",7,9,"EdSheeran"
"Bloo_669",6,165,"EdSheeran"
"andrewthedentist",3,107,"EdSheeran"
"furrypotato91",1,49,"EdSheeran"
"LowGrowth1383",2,607,"EdSheeran"
"Frequent_Customer727",2,154,"EdSheeran"
"deathoftheauthor009",3,142,"EdSheeran"
"Bellowing_belly0213",4,172,"EdSheeran"
"gavinlooong",3,494,"EdSheeran"
"GapHappy7709",2,105,"EdSheeran"
"rockerman777",2,69,"EdSheeran"
"Defiant_Delivery_799",3,587,"EdSheeran"
"Life_Butterscotch939",1,46,"EdSheeran"
"Atown0921",1,13,"EdSheeran"
"JackyChen2003",1,231,"EdSheeran"
"JackyChen2003",1,281,"EdSheeran"
"[deleted]",1,136,"EdSheeran"
"PizzaTube",1,424,"EdSheeran"
"CapGlass3857",1,54,"EdSheeran"
"Fair_Opportunity7193",1,633,"EdSheeran"
"valeamando8253",1,165,"EdSheeran"
"South-Bat-7294",1,112,"EdSheeran"
"Woke2022",1,34,"EdSheeran"
"Woke2022",1,65,"EdSheeran"
"LibrarianAgitated632",1,37,"EdSheeran"
"Outrageous-Tiger-283",1,212,"EdSheeran"
"LibrarianAgitated632",1,282,"EdSheeran"
"Matt_cheetos",1,1770,"EdSheeran"
"youngman_2",-1,169,"EdSheeran"
"LibrarianAgitated632",1,81,"EdSheeran"
"LuigiTrapanese",0,150,"EdSheeran"
"Particular_Ad6287",-3,291,"EdSheeran"
"AutoModerator",1,554,"EdSheeran"
"Key-Flow-5209",85,221,"EdSheeran"
"InterestingTry4162",13,32,"EdSheeran"
"Defiant_Delivery_799",9,330,"EdSheeran"
"Individual_Cicada_34",86,226,"EdSheeran"
"[deleted]",28,467,"EdSheeran"
"ekbrooo22",22,81,"EdSheeran"
"jsinger33",17,343,"EdSheeran"
"grlflungoutofsp",1,72,"EdSheeran"
"DrSpaceX",17,113,"EdSheeran"
"No-Implement4323",12,53,"EdSheeran"
"thefiredance",12,279,"EdSheeran"
"folklore2023",25,17,"EdSheeran"
"ItsAlexMorg",24,7,"EdSheeran"
"Direct_Employ_9747",8,47,"EdSheeran"
"31November",8,48,"EdSheeran"
"theredevil21",9,185,"EdSheeran"
"ZenoSamaDBS",1,50,"EdSheeran"
"Jealous-Rich-3749",24,589,"EdSheeran"
"gavinlooong",4,96,"EdSheeran"
"Recent-Intention-149",4,18,"EdSheeran"
"pandadai00",6,159,"EdSheeran"
"SagittariusOwl13",13,41,"EdSheeran"
"Hassaan18",13,135,"EdSheeran"
"WorkdayDistraction",7,431,"EdSheeran"
"G4bxie",4,108,"EdSheeran"
"Left-Book7647",6,17,"EdSheeran"
"KMWAuntof6",7,30,"EdSheeran"
"GuinessGirl",3,111,"EdSheeran"
"Mental_Driver_6134",3,268,"EdSheeran"
"Key-Flow-5209",2,325,"EdSheeran"
"Competitive_Block333",1,53,"EdSheeran"
"Music_ForLife_Girl",3,55,"EdSheeran"
"Fair_Opportunity7193",3,151,"EdSheeran"
"MeetingGunner7330",8,398,"EdSheeran"
"rhcpfan99",2,41,"EdSheeran"
"mp0313_",2,165,"EdSheeran"
"thefiredance",3,22,"EdSheeran"
"mp0313_",1,19,"EdSheeran"
"Icealicy",1,77,"EdSheeran"
"midnightcruelty",2,46,"EdSheeran"
"marumaru27",2,28,"EdSheeran"
"Competitive_Block333",2,281,"EdSheeran"
"__Noiceeee__",1,369,"EdSheeran"
"Carlin724",2,80,"EdSheeran"
"Zestyclose_Ground_41",2,84,"EdSheeran"
"One-Structure705",2,42,"EdSheeran"
"Jlx_27",2,32,"EdSheeran"
"EmbarrassedWasabi934",2,403,"EdSheeran"
"kakamble",2,651,"EdSheeran"
"LovecraftianWhorrer",1,108,"EdSheeran"
"TPK85",2,111,"EdSheeran"
"Ok-Bad-6436",2,69,"EdSheeran"
"CoronaVirus_exe",2,188,"EdSheeran"
"Music_ForLife_Girl",2,95,"EdSheeran"
"affrever",1,150,"EdSheeran"
"spuckhafte",-1,223,"EdSheeran"
"egoskz",1,36,"EdSheeran"
"existentially_there",1,366,"EdSheeran"
"Thin-Kale-567",1,20,"EdSheeran"
"flyondwal",1,74,"EdSheeran"
"flyondwal",1,75,"EdSheeran"
"sushiiandmatcha",1,103,"EdSheeran"
"Due-Average-1024",1,12,"EdSheeran"
"iamtruthseeker1",1,82,"EdSheeran"
"Life_Discount_1591",1,130,"EdSheeran"
"VirtualBaba001",1,42,"EdSheeran"
"Candid-Routine-8137",1,37,"EdSheeran"
"Herhaliness2",1,38,"EdSheeran"
"RadjaBhai",1,13,"EdSheeran"
"cosmogyric_baby",1,29,"EdSheeran"
"Betaboy0517",1,56,"EdSheeran"
"PuzzleheadedLeg3501",1,240,"EdSheeran"
"Specialist-Star6590",1,51,"EdSheeran"
"Defiant_Delivery_799",1,1396,"EdSheeran"
"BlacklightsNBass",-5,57,"EdSheeran"
"Gene-Parmesan-ah",10,44,"EdSheeran"
"sylviegee",-1,3,"EdSheeran"
"LovecraftianWhorrer",0,222,"EdSheeran"
"UncondemnedSinner",-1,111,"EdSheeran"
"AutoModerator",1,554,"EdSheeran"
"Aisleen1989",16,230,"EdSheeran"
"TaffeeCrisp",3,14,"EdSheeran"
"qzxf1",3,30,"EdSheeran"
"brattylilmisfit",12,200,"EdSheeran"
"TaffeeCrisp",5,53,"EdSheeran"
"brattylilmisfit",7,368,"EdSheeran"
"qzxf1",3,52,"EdSheeran"
"gunner_ajc",2,193,"EdSheeran"
"Adventurous_Bend1945",1,60,"EdSheeran"
"gunner_ajc",7,301,"EdSheeran"
"TaffeeCrisp",3,97,"EdSheeran"
"gunner_ajc",4,320,"EdSheeran"
"Used-Needleworker719",5,64,"EdSheeran"
"TaffeeCrisp",3,196,"EdSheeran"
"Taylorsversion53",4,197,"EdSheeran"
"mightve-been",4,95,"EdSheeran"
"ADevilOfMyWord_17",3,47,"EdSheeran"
"mightve-been",2,12,"EdSheeran"
"qzxf1",3,241,"EdSheeran"
"Suspicious_Till_2660",3,324,"EdSheeran"
"MeetingGunner7330",2,98,"EdSheeran"
"[deleted]",2,9,"EdSheeran"
"Taylorsversion53",2,396,"EdSheeran"
"asthesunh1ts",1,198,"EdSheeran"
"ProfessionalDay9697",2,675,"EdSheeran"
"parmaviolets2020",2,183,"EdSheeran"
"Useful_Classroom1091",1,43,"EdSheeran"
"Useful_Classroom1091",3,6,"EdSheeran"
"Forsaken-Pudding-220",1,130,"EdSheeran"
"TaffeeCrisp",1,44,"EdSheeran"
"Forsaken-Pudding-220",2,128,"EdSheeran"
"TaffeeCrisp",1,44,"EdSheeran"
"Forsaken-Pudding-220",1,137,"EdSheeran"
"Used-Needleworker719",1,245,"EdSheeran"
"L88OJM",3,144,"EdSheeran"
"[deleted]",1,9,"EdSheeran"
"Used-Needleworker719",2,123,"EdSheeran"
"[deleted]",2,9,"EdSheeran"
"Used-Needleworker719",3,212,"EdSheeran"
"[deleted]",1,9,"EdSheeran"
"Used-Needleworker719",1,124,"EdSheeran"
"Taylorsversion53",1,473,"EdSheeran"
"Used-Needleworker719",1,381,"EdSheeran"
"gunner_ajc",1,414,"EdSheeran"
"Used-Needleworker719",2,950,"EdSheeran"
"gunner_ajc",1,266,"EdSheeran"
"Adventurous_Bend1945",1,65,"EdSheeran"
"Used-Needleworker719",1,156,"EdSheeran"
"SaintyLovesMuse",1,56,"EdSheeran"
"TaffeeCrisp",2,48,"EdSheeran"
"Taylorsversion53",1,50,"EdSheeran"
"qzxf1",1,269,"EdSheeran"
"Hurley_Fam",1,233,"EdSheeran"
"CiaraVantelli",1,410,"EdSheeran"
"Hurley_Fam",1,236,"EdSheeran"
"qzxf1",1,363,"EdSheeran"
"CiaraVantelli",1,56,"EdSheeran"
"asthesunh1ts",1,258,"EdSheeran"
"qzxf1",2,200,"EdSheeran"
"asthesunh1ts",2,88,"EdSheeran"
"I-like-holidays",2,105,"EdSheeran"
"[deleted]",1,9,"EdSheeran"
"asthesunh1ts",1,449,"EdSheeran"
"[deleted]",1,9,"EdSheeran"
"asthesunh1ts",1,58,"EdSheeran"
"Foolivora",1,171,"EdSheeran"
"TaffeeCrisp",1,204,"EdSheeran"
"AllSxsAndSvns",1,216,"EdSheeran"
"Ok_Tackle2242",1,219,"EdSheeran"
"TaffeeCrisp",1,416,"EdSheeran"
"Ok_Tackle2242",1,8,"EdSheeran"
"Adventurous_Bend1945",1,436,"EdSheeran"
"AllSxsAndSvns",1,193,"EdSheeran"
"historylover1997",1,67,"EdSheeran"
"gunner_ajc",1,204,"EdSheeran"
"Mognol12",1,74,"EdSheeran"
"AutoModerator",1,554,"EdSheeran"
"Impressive-Cake-1738",64,81,"EdSheeran"
"BagFinal6150",20,56,"EdSheeran"
"Alternative_Slide_62",5,430,"EdSheeran"
"BagFinal6150",4,309,"EdSheeran"
"GdayBeiBei",2,147,"EdSheeran"
"Alternative_Slide_62",3,399,"EdSheeran"
"Large-Victory-487",38,209,"EdSheeran"
"Affectionate-Oil8354",5,94,"EdSheeran"
"Large-Victory-487",3,42,"EdSheeran"
"Crazy_Issue3265",0,266,"EdSheeran"
"Large-Victory-487",1,441,"EdSheeran"
"Ok-School3081",27,356,"EdSheeran"
"Crazy_Issue3265",0,80,"EdSheeran"
"Ok-School3081",2,134,"EdSheeran"
"Crazy_Issue3265",0,55,"EdSheeran"
"Ok-School3081",1,54,"EdSheeran"
"Crazy_Issue3265",1,47,"EdSheeran"
"Ok-School3081",0,182,"EdSheeran"
"Crazy_Issue3265",1,265,"EdSheeran"
"panicked_goose",10,115,"EdSheeran"
"BagFinal6150",9,394,"EdSheeran"
"No_Patience4443",7,100,"EdSheeran"
"BagFinal6150",3,91,"EdSheeran"
"Crazy_Issue3265",0,196,"EdSheeran"
"BagFinal6150",1,93,"EdSheeran"
"Crazy_Issue3265",1,133,"EdSheeran"
"BagFinal6150",1,48,"EdSheeran"
"Crazy_Issue3265",1,182,"EdSheeran"
"BagFinal6150",1,58,"EdSheeran"
"Crazy_Issue3265",0,433,"EdSheeran"
"Crazy_Issue3265",0,352,"EdSheeran"
"BagFinal6150",1,146,"EdSheeran"
"Crazy_Issue3265",0,572,"EdSheeran"
"Ok_Put_5567",9,634,"EdSheeran"
"BagFinal6150",2,35,"EdSheeran"
"Crazy_Issue3265",0,201,"EdSheeran"
"Taylorsversion53",26,719,"EdSheeran"
"MeetingGunner7330",15,410,"EdSheeran"
"Impressive-Cake-1738",5,206,"EdSheeran"
"Crazy_Issue3265",1,136,"EdSheeran"
"Impressive-Cake-1738",9,190,"EdSheeran"
"Taylorsversion53",0,384,"EdSheeran"
"Large-Victory-487",7,357,"EdSheeran"
"No_Patience4443",3,84,"EdSheeran"
"Large-Victory-487",2,107,"EdSheeran"
"Impressive-Cake-1738",5,115,"EdSheeran"
"LadyLilithTheCat",4,35,"EdSheeran"
"G4bxie",4,141,"EdSheeran"
"GapHappy7709",3,99,"EdSheeran"
"Crazy_Issue3265",1,82,"EdSheeran"
"shadesofwrong13",3,376,"EdSheeran"
"BagFinal6150",2,221,"EdSheeran"
"LowerTheExpectations",2,415,"EdSheeran"
"FakeMonaLisa28",2,539,"EdSheeran"
"BagFinal6150",1,45,"EdSheeran"
"Crazy_Issue3265",0,311,"EdSheeran"
"Visible_Flamingo852",2,15,"EdSheeran"
"Ok_Comfortable_4828",2,146,"EdSheeran"
"Crazy_Issue3265",-1,155,"EdSheeran"
"mandyf2428",2,141,"EdSheeran"
"Crazy_Issue3265",0,30,"EdSheeran"
"ariariariariariari",1,110,"EdSheeran"
"LadyLilithTheCat",4,130,"EdSheeran"
"Crazy_Issue3265",1,141,"EdSheeran"
"BagFinal6150",1,221,"EdSheeran"
"Crazy_Issue3265",1,294,"EdSheeran"
"BagFinal6150",1,128,"EdSheeran"
"Crazy_Issue3265",0,439,"EdSheeran"
"BagFinal6150",1,415,"EdSheeran"
"Crazy_Issue3265",1,508,"EdSheeran"
"BagFinal6150",1,287,"EdSheeran"
"Crazy_Issue3265",1,392,"EdSheeran"
"Hot_Armadillo6933",1,63,"EdSheeran"
"AutoModerator",1,554,"EdSheeran"
"BagFinal6150",217,75,"EdSheeran"
"Brooklynrecreation",26,38,"EdSheeran"
"633788perfect",22,43,"EdSheeran"
"BagFinal6150",45,52,"EdSheeran"
"TsukasaElkKite",5,12,"EdSheeran"
"Brooklynrecreation",5,7,"EdSheeran"
"633788perfect",8,54,"EdSheeran"
"Brooklynrecreation",7,48,"EdSheeran"
"Shinixxx",115,69,"EdSheeran"
"AmbitiousAzizi",15,160,"EdSheeran"
"Adventurous-Year-463",7,179,"EdSheeran"
"YoungMiserable4227",1,77,"EdSheeran"
"Dry-Assignment8433",73,175,"EdSheeran"
"puppermonster23",9,67,"EdSheeran"
"hollygolightly1990",64,195,"EdSheeran"
"GolbogTheDoom",36,59,"EdSheeran"
"Disastrous_Mud7169",8,66,"EdSheeran"
"Hassaan18",7,96,"EdSheeran"
"meri471",3,184,"EdSheeran"
"Disastrous_Mud7169",6,167,"EdSheeran"
"BagFinal6150",7,89,"EdSheeran"
"BagFinal6150",5,76,"EdSheeran"
"DylanCodsCokeLine",22,91,"EdSheeran"
"Jlx_27",4,85,"EdSheeran"
"ObligationNo2145",10,98,"EdSheeran"
"Yeralrightboah0566",10,167,"EdSheeran"
"onedirection072310_",8,21,"EdSheeran"
"AllSxsAndSvns",8,17,"EdSheeran"
"BagFinal6150",5,13,"EdSheeran"
"NAHTEBACK",10,63,"EdSheeran"
"the10thweasley",5,789,"EdSheeran"
"bbrooklyn8",3,106,"EdSheeran"
"coffeeatmidnght",3,101,"EdSheeran"
"BagFinal6150",1,95,"EdSheeran"
"Strict-Asparagus7720",3,95,"EdSheeran"
"cosysheep",3,91,"EdSheeran"
"Disastrous_Mud7169",3,63,"EdSheeran"
"AgeofPhoenix",3,32,"EdSheeran"
"Healthy-Somewhere220",3,331,"EdSheeran"
"draganavucic",3,214,"EdSheeran"
"foreverandalways21",3,395,"EdSheeran"
"RWBYRain",3,91,"EdSheeran"
"MysteriousVeins2203",3,67,"EdSheeran"
"neonsneakers",3,76,"EdSheeran"
"ShekhMaShierakiAnni",3,277,"EdSheeran"
"RoyalEagle0408",6,180,"EdSheeran"
"[deleted]",6,9,"EdSheeran"
"foreverandalways21",2,413,"EdSheeran"
"sunSummoner49616",6,351,"EdSheeran"
"Spiritual_Doubt_9223",5,551,"EdSheeran"
"sunSummoner49616",-1,363,"EdSheeran"
"nattatalie",2,375,"EdSheeran"
"Ok-School3081",2,88,"EdSheeran"
"BagFinal6150",3,227,"EdSheeran"
"n1nejay",2,210,"EdSheeran"
"BagFinal6150",2,85,"EdSheeran"
"n1nejay",2,145,"EdSheeran"
"BagFinal6150",2,121,"EdSheeran"
"Wildflower47x",2,78,"EdSheeran"
"Defiant_Delivery_799",2,386,"EdSheeran"
"Adventurous-Year-463",2,158,"EdSheeran"
"rebeccajayyy",2,979,"EdSheeran"
"bethabetha",2,96,"EdSheeran"
"tina2turntt",2,63,"EdSheeran"
"BagFinal6150",2,24,"EdSheeran"
"iamcheerbear",2,274,"EdSheeran"
"moodymoomoon",2,181,"EdSheeran"
"alittlemoreandmore",2,300,"EdSheeran"
"LastPatient1799",2,53,"EdSheeran"
"redeyedone",2,54,"EdSheeran"
"tulip_hat_vic",2,45,"EdSheeran"
"AllSxsAndSvns",3,530,"EdSheeran"
"navybluealltheway",2,182,"EdSheeran"
"Fun_Tone2",1,24,"EdSheeran"
"Human-Surprise-2112",1,63,"EdSheeran"
"AutoModerator",1,554,"EdSheeran"
"kaichan298",31,17,"EdSheeran"
"Ok_Mushroom_9834",10,32,"EdSheeran"
"kaichan298",12,26,"EdSheeran"
"Ok_Mushroom_9834",3,12,"EdSheeran"
"SubstanceMJackson",2,5,"EdSheeran"
"littleSTAY48",17,12,"EdSheeran"
"Wenma2011",1,56,"EdSheeran"
"633788perfect",8,57,"EdSheeran"
"AloneChocolate2998",8,214,"EdSheeran"
"cPikah",5,32,"EdSheeran"
"Shinixxx",8,24,"EdSheeran"
"Archives0990",7,8,"EdSheeran"
"MarionberryPuzzled67",7,164,"EdSheeran"
"Joh02",3,54,"EdSheeran"
"ILoveEdSheeran_",2,29,"EdSheeran"
"ILoveEdSheeran_",1,33,"EdSheeran"
"UnicornShadow248",5,42,"EdSheeran"
"Throughlifeanddeath",5,3,"EdSheeran"
"ILoveEdSheeran_",1,127,"EdSheeran"
"Revolutionary-Bell74",4,11,"EdSheeran"
"Ryanhuddz14",4,4,"EdSheeran"
"ThatWeirdKid100",5,7,"EdSheeran"
"Teddy_Bear_Sheeran",3,5,"EdSheeran"
"JordanLikesEDM",4,8,"EdSheeran"
"Select-Donkey9883",4,8,"EdSheeran"
"J351c4m4l490n",4,13,"EdSheeran"
"AlternativeLow198",4,4,"EdSheeran"
"navybluealltheway",4,194,"EdSheeran"
"MBEditorr",3,4,"EdSheeran"
"Regular-Suit614",1,38,"EdSheeran"
"MBEditorr",2,114,"EdSheeran"
"Regular-Suit614",1,33,"EdSheeran"
"Jaskiddinggg",3,5,"EdSheeran"
"Ahmedheshamvenom",3,13,"EdSheeran"
"jutti",3,9,"EdSheeran"
"Top_Wedding_5301",3,28,"EdSheeran"
"No_Astronomer6705",3,13,"EdSheeran"
"_Suziq123",3,76,"EdSheeran"
"Anmol___Srivastava",3,19,"EdSheeran"
"Joh02",3,50,"EdSheeran"
"ILoveEdSheeran_",2,143,"EdSheeran"
"Joh02",2,39,"EdSheeran"
"OldToad23",3,257,"EdSheeran"
"Keycorecuz1",3,81,"EdSheeran"
"historylover1997",3,107,"EdSheeran"
"Excellent-Gas-3912",3,10,"EdSheeran"
"Big_Excitement_8954",2,5,"EdSheeran"
"Lotus532",2,6,"EdSheeran"
"playing_gam",2,22,"EdSheeran"
"Quadraddd",2,10,"EdSheeran"
"ILoveEdSheeran_",2,104,"EdSheeran"
"LA2688",2,10,"EdSheeran"
"Traditional_Quail450",2,6,"EdSheeran"
"StarWars_was_my_idea",2,23,"EdSheeran"
"F1REFLY_",2,10,"EdSheeran"
"Bloodstream1966",2,40,"EdSheeran"
"Regular-Suit614",2,11,"EdSheeran"
"goemon2473651",2,9,"EdSheeran"
"elaaura",2,7,"EdSheeran"
"AndresMan2004",2,85,"EdSheeran"
"DressDowntown",2,92,"EdSheeran"
"Last-Worldliness6344",2,22,"EdSheeran"
"littlest_teaspoon",2,5,"EdSheeran"
"RemarkableAd7123",2,6,"EdSheeran"
"HRHAnnipoo",2,44,"EdSheeran"
"Born_Name7147",2,7,"EdSheeran"
"Even-Expression8876",2,6,"EdSheeran"
"tat2dbard",2,8,"EdSheeran"
"Electronic_Delay8217",2,32,"EdSheeran"
"Plus-Consideration55",2,10,"EdSheeran"
"Everest_eve",1,36,"EdSheeran"
"MysteriousVeins2203",1,49,"EdSheeran"
"ILoveEdSheeran_",2,99,"EdSheeran"
"AutoModerator",1,554,"EdSheeran"
"teddyisdumb",37,17,"EdSheeran"
"Wenma2011",2,151,"EdSheeran"
"OutOfLaksh",36,223,"EdSheeran"
"Acceptable-Device936",26,82,"EdSheeran"
"Wenma2011",7,98,"EdSheeran"
"Acceptable-Device936",3,94,"EdSheeran"
"Bunny_Lurking",1,50,"EdSheeran"
"Bloo_669",3,69,"EdSheeran"
"Acceptable-Device936",3,34,"EdSheeran"
"Bloo_669",1,43,"EdSheeran"
"[deleted]",2,12,"EdSheeran"
"honeysmiles",19,25,"EdSheeran"
"Foolivora",16,8,"EdSheeran"
"neon1415official",14,2,"EdSheeran"
"SnooPickles1401",10,20,"EdSheeran"
"OPisfromHyderabad",7,48,"EdSheeran"
"Plixower",23,47,"EdSheeran"
"zzzzzShow",3,93,"EdSheeran"
"SpareHeron290",6,5,"EdSheeran"
"maylena96",4,40,"EdSheeran"
"Wenma2011",5,65,"EdSheeran"
"catladytimestwo",8,166,"EdSheeran"
"britishchocolate",3,23,"EdSheeran"
"Bloo_669",3,136,"EdSheeran"
"Wenma2011",2,40,"EdSheeran"
"Bloo_669",2,210,"EdSheeran"
"HistoricalExplorer26",3,21,"EdSheeran"
"Bunny_Lurking",3,14,"EdSheeran"
"Wenma2011",2,11,"EdSheeran"
"Forgotten_X_Kid",3,99,"EdSheeran"
"Bloo_669",2,24,"EdSheeran"
"[deleted]",2,104,"EdSheeran"
"Inevitable-Check3667",2,20,"EdSheeran"
"Sad-Philosopher4133",2,1,"EdSheeran"
"Cooliyo44",2,23,"EdSheeran"
"[deleted]",2,194,"EdSheeran"
"hellotheredani",2,7,"EdSheeran"
"Ancient_Bookkeeper_6",2,25,"EdSheeran"
"mjpack4",2,17,"EdSheeran"
"CaramelCraftYT",2,17,"EdSheeran"
"Defiant_Delivery_799",2,204,"EdSheeran"
"IndividualPresent129",1,146,"EdSheeran"
"unexampledcuriosity",2,52,"EdSheeran"
"IndividualPresent129",1,83,"EdSheeran"
"The_AxR_",4,12,"EdSheeran"
"maylena96",1,41,"EdSheeran"
"navybluealltheway",2,101,"EdSheeran"
"Key_Lavishness_3388",1,202,"EdSheeran"
"IndividualPresent129",1,201,"EdSheeran"
"Emily_Wri",1,45,"EdSheeran"
"Bubbly-McB",1,103,"EdSheeran"
"ParkingClassroom6358",1,17,"EdSheeran"
"No_Pitch_3399",1,76,"EdSheeran"
"Bunny_Lurking",1,53,"EdSheeran"
"mrryfrnkln",1,35,"EdSheeran"
"curvy_em",1,353,"EdSheeran"
"Music_ForLife_Girl",1,20,"EdSheeran"
"VermicelliSquare9795",1,4,"EdSheeran"
"kitkatbloo",1,8,"EdSheeran"
"[deleted]",1,31,"EdSheeran"
"KMWAuntof6",1,148,"EdSheeran"
"No_Maize1319",1,1,"EdSheeran"
"Zealousideal_Pie_348",1,21,"EdSheeran"
"jomosicky",1,61,"EdSheeran"
"WarmVisit6005",1,31,"EdSheeran"
"Setto_Senpai",1,65,"EdSheeran"
"[deleted]",1,19,"EdSheeran"
"ricci_skye",1,17,"EdSheeran"
"IndividualPresent129",1,1124,"EdSheeran"
"AutoModerator",1,554,"EdSheeran"
"UnicornShadow248",40,195,"EdSheeran"
"Spagbowl357",2,80,"EdSheeran"
"UnicornShadow248",2,87,"EdSheeran"
"its___parag",1,43,"EdSheeran"
"Zer0-Nebula",11,225,"EdSheeran"
"brattylilmisfit",9,162,"EdSheeran"
"Spotto26",6,122,"EdSheeran"
"ALrightthen__97",5,134,"EdSheeran"
"eras_baby",7,201,"EdSheeran"
"eras_baby",5,1988,"EdSheeran"
"maylena96",4,103,"EdSheeran"
"sakshamwithagarwal",7,171,"EdSheeran"
"Zer0-Nebula",3,191,"EdSheeran"
"KMWAuntof6",7,33,"EdSheeran"
"ILoveEdSheeran_",-2,32,"EdSheeran"
"musiclover9445",3,181,"EdSheeran"
"sharpmn",3,453,"EdSheeran"
"ILoveEdSheeran_",2,144,"EdSheeran"
"SuspiciousChest7",2,250,"EdSheeran"
"sharpmn",1,80,"EdSheeran"
"Ryanhuddz14",2,44,"EdSheeran"
"HistoricalExplorer26",2,71,"EdSheeran"
"Healthy-Somewhere220",2,538,"EdSheeran"
"Narrow-Frosting-2172",2,113,"EdSheeran"
"Expensive_Ad6082",2,43,"EdSheeran"
"D_Dying_Light",2,136,"EdSheeran"
"Future-Pass-4159",1,90,"EdSheeran"
"Affectionate-Oil8354",1,254,"EdSheeran"
"most_inconsistent",1,362,"EdSheeran"
"halflost18",1,247,"EdSheeran"
"PristineLack2704",1,120,"EdSheeran"
"StarWarsMine123",1,250,"EdSheeran"
"633788perfect",1,353,"EdSheeran"
"Minute-Resolution622",1,128,"EdSheeran"
"smoothiegyal",1,86,"EdSheeran"
"Extraman3001",1,219,"EdSheeran"
"BagFinal6150",1,95,"EdSheeran"
"Defiant_Delivery_799",1,224,"EdSheeran"
"DressDowntown",1,85,"EdSheeran"
"Suspicious-Roof-3110",1,324,"EdSheeran"
